rank,lemma,pos_kelly,pos_ud,english
1,være,v,VERB,be
2,og,conj,CONJ,and
3,i,prep,PREP,in
4,en,det,DET,one
5,det,det,DET,the
6,på,prep,PREP,on
7,som,conj,CONJ,as
8,ha,v,VERB,have
9,til,prep,PREP,to
10,av,prep,PREP,of
11,for,prep,PREP,for
12,med,prep,PREP,with
13,at,conj,CONJ,that
14,jeg,pron,PRON,I
15,ikke,adv,ADV,not
16,de,det,DET,the
17,den,det,DET,the
18,bli,v,VERB,be
19,du,pron,PRON,you
20,om,prep,PREP,if
21,kunne,v,VERB,be able
22,vi,pron,PRON,we
23,men,conj,CONJ,but
24,fra,prep,PREP,from
25,mye,adj,ADJ,much
26,så,adv,ADV,so
27,få,v,VERB,get
28,skulle,v,VERB,should
29,noen,det,DET,some
30,ville,v,VERB,want
31,dette,det,DET,this
32,seg,pron,PRON,
33,han,pron,PRON,he
34,god,adj,ADJ,good
35,mange,adj,ADJ,many
36,all,det,DET,all
37,andre,det,DET,"other, second"
38,eller,conj,CONJ,or
39,annen,det,DET,"other, second"
40,også,adv,ADV,also
41,se,v,VERB,see
42,si,v,VERB,say
43,komme,v,VERB,come
44,ta,v,VERB,take
45,gå,v,VERB,go
46,ut,prep,PREP,out
47,man,pron,PRON,one
48,stor,adj,ADJ,big
49,år,n,NOUN,year
50,måtte,v,VERB,must
51,sin,det,DET,his/her
52,gjøre,v,VERB,do
53,lese,v,VERB,read
54,etter,prep,PREP,after
55,da,adv,ADV,"then, since"
56,hel,adj,ADJ,whole
57,nå,adv,ADV,now
58,når,adv,ADV,when
59,ny,adj,ADJ,new
60,ved,prep,PREP,
61,dag,n,NOUN,day
62,denne,det,DET,this
63,liten,adj,ADJ,
64,her,adv,ADV,here
65,opp,prep,PREP,up
66,over,prep,PREP,over
67,hun,pron,PRON,she
68,bare,adv,ADV,only
69,gi,v,VERB,give
70,finne,v,VERB,find
71,inn,adv,ADV,in
72,to,det,DET,two
73,slik,adv,ADV,such
74,skrive,v,VERB,write
75,litt,adj,ADJ,little
76,mot,prep,PREP,against
77,enn,conj,CONJ,but
78,hva,pron,PRON,what
79,bruke,v,VERB,use
80,der,adv,ADV,
81,min,det,DET,"my, mine"
82,sak,n,NOUN,case
83,gang,n,NOUN,hall
84,legge,v,VERB,lay
85,innlegg,n,NOUN,"insertion, article"
86,tid,n,NOUN,time
87,før,prep,PREP,before
88,hvor,adv,ADV,where
89,lang,adj,ADJ,long
90,selv,det,DET,self
91,jo,interj,INTERJ,yes
92,siden,adv,ADV,since
93,del,n,NOUN,part
94,tro,v,VERB,believe
95,din,det,DET,your
96,nok,adv,ADV,enough
97,stå,v,VERB,stand
98,under,prep,PREP,under
99,vise,v,VERB,show
100,hvis,conj,CONJ,if
101,svar,n,NOUN,answer
102,disse,det,DET,these
103,vite,v,VERB,know
104,vår,det,DET,our
105,mene,v,VERB,think
106,første,adj,ADJ,first
107,sette,v,VERB,set
108,òg,adv,ADV,also
109,norsk,adj,ADJ,Norwegian
110,burde,v,VERB,should
111,ingen,det,DET,no
112,mellom,prep,PREP,between
113,både,conj,CONJ,both
114,igjen,adv,ADV,again
115,egen,det,DET,own
116,viktig,adj,ADJ,important
117,bilde,n,NOUN,picture
118,barn,n,NOUN,child
119,hver,det,DET,"each, every"
120,samme,det,DET,same
121,sist,adj,ADJ,last
122,hvordan,adv,ADV,how
123,uten,prep,PREP,without
124,holde,v,VERB,hold
125,dere,pron,PRON,you
126,land,n,NOUN,country
127,kanskje,adv,ADV,maybe
128,frem,prep,PREP,forwards
129,sende,v,VERB,send
130,vel,adv,ADV,well
131,folk,n,NOUN,people
132,veldig,adj,ADJ,huge
133,ned,prep,PREP,down
134,sammen,adv,ADV,together
135,tidlig,adj,ADJ,early
136,ligge,v,VERB,lie
137,enkel,adj,ADJ,simple
138,bra,adj,ADJ,good
139,gjennom,prep,PREP,through
140,rundt,prep,PREP,round
141,and,n,NOUN,duck
142,spille,v,VERB,play
143,høy,adj,ADJ,high
144,side,n,NOUN,"side, page"
145,gammel,adj,ADJ,old
146,tenke,v,VERB,think
147,by,n,NOUN,town
148,synes,v,VERB,think
149,film,n,NOUN,film
150,blant,prep,PREP,among
151,uke,n,NOUN,week
152,kommentar,n,NOUN,comment
153,fordi,conj,CONJ,because
154,måte,n,NOUN,way
155,sted,n,NOUN,place
156,ønske,v,VERB,wish
157,lage,v,VERB,make
158,derfor,adv,ADV,therefore
159,verden,n,NOUN,world
160,forhold,n,NOUN,"relationship, condition"
161,mann,n,NOUN,man
162,kamp,n,NOUN,fight
163,klar,adj,ADJ,clear
164,krone,n,NOUN,crown
165,mens,conj,CONJ,while
166,liv,n,NOUN,life
167,skje,v,VERB,happen
168,høre,v,VERB,hear
169,kjenne,v,VERB,know
170,mulig,adj,ADJ,possible
171,problem,n,NOUN,problem
172,grunn,n,NOUN,ground
173,menneske,n,NOUN,person
174,øke,v,VERB,increase
175,tilbake,prep,PREP,back
176,velge,v,VERB,choose
177,hans,det,DET,his
178,heller,adv,ADV,rather
179,begynne,v,VERB,begin
180,tips,n,NOUN,tip
181,ting,n,NOUN,thing
182,hos,prep,PREP,with
183,vid,adj,ADJ,wide
184,spørsmål,n,NOUN,question
185,kjøpe,v,VERB,buy
186,rett,adj,ADJ,right
187,aldri,adv,ADV,never
188,gjelde,v,VERB,concern
189,like,adv,ADV,like
190,vei,n,NOUN,road
191,tre,det,DET,three
192,skole,n,NOUN,school
193,medlem,n,NOUN,member
194,mål,n,NOUN,goal
195,bok,n,NOUN,book
196,kvinne,n,NOUN,woman
197,trenge,v,VERB,need
198,spesiell,adj,ADJ,special
199,arbeid,n,NOUN,work
200,tillegg,n,NOUN,addition
201,klare,v,VERB,manage
202,plass,n,NOUN,place
203,prosent,n,NOUN,percent
204,dersom,conj,CONJ,if
205,fin,adj,ADJ,fine
206,ofte,adj,ADJ,often
207,hvilken,det,DET,which
208,fortelle,v,VERB,tell
209,kommune,n,NOUN,municipality
210,million,n,NOUN,million
211,sterk,adj,ADJ,strong
212,hm,interj,INTERJ,hmm
213,mulighet,n,NOUN,possibility
214,venn,n,NOUN,friend
215,svær,adj,ADJ,difficult
216,nær,adj,ADJ,near
217,dårlig,adj,ADJ,bad
218,først,adv,ADV,first
219,bruk,n,NOUN,use
220,pris,n,NOUN,price
221,person,n,NOUN,person
222,eksempel,n,NOUN,example
223,kun,adv,ADV,only
224,faktisk,adj,ADJ,actually
225,stille,v,VERB,place
226,full,adj,ADJ,"full, drunk"
227,starte,v,VERB,start
228,neste,adj,ADJ,next
229,område,n,NOUN,area
230,penge,n,NOUN,money
231,lett,adj,ADJ,"light, easy"
232,time,n,NOUN,hour
233,ulik,adj,ADJ,different
234,hvorfor,adv,ADV,why
235,lissom,adv,ADV,like
236,jobb,n,NOUN,job
237,alltid,adv,ADV,always
238,topp,n,NOUN,top
239,deres,det,DET,your
240,prøve,v,VERB,try
241,sikker,adj,ADJ,"sure, safe"
242,selskap,n,NOUN,company
243,samtidig,adj,ADJ,simultaneous
244,vanskelig,adj,ADJ,difficult
245,jobbe,v,VERB,work
246,sitte,v,VERB,sit
247,snakke,v,VERB,talk
248,slå,v,VERB,hit
249,lenge,adv,ADV,long
250,be,v,VERB,ask
251,ca.,adv,ADV,approx.
252,nesten,adv,ADV,next
253,føre,v,VERB,lead
254,egentlig,adj,ADJ,actual
255,bygge,v,VERB,build
256,følge,v,VERB,follow
257,kort,adj,ADJ,short
258,bil,n,NOUN,car
259,allerede,adv,ADV,already
260,ganske,adv,ADV,quite
261,vinne,v,VERB,win
262,resultat,n,NOUN,result
263,sen,adj,ADJ,late
264,fortsatt,adv,ADV,still
265,vanlig,adj,ADJ,ordinary
266,møte,v,VERB,meet
267,gjerne,adv,ADV,gladly
268,altså,adv,ADV,you say
269,håpe,v,VERB,hope
270,tall,n,NOUN,number
271,hei,interj,INTERJ,hello
272,navn,n,NOUN,name
273,føle,v,VERB,feel
274,måned,n,NOUN,month
275,ja,interj,INTERJ,yes
276,artikkel,n,NOUN,article
277,selge,v,VERB,sell
278,student,n,NOUN,student
279,oi,interj,INTERJ,oops
280,slutt,n,NOUN,end
281,informasjon,n,NOUN,information
282,likevel,adv,ADV,anyway
283,forskjellig,adj,ADJ,different
284,lag,n,NOUN,team
285,is,n,NOUN,ice
286,sånn,det,DET,there
287,virke,v,VERB,"act, seem"
288,hvem,pron,PRON,who
289,la,v,VERB,let
290,hund,n,NOUN,dog
291,ute,adv,ADV,out
292,ung,adj,ADJ,young
293,tur,n,NOUN,trip
294,skape,v,VERB,create
295,dermed,adv,ADV,thereby
296,prosjekt,n,NOUN,project
297,kveld,n,NOUN,evening
298,løp,n,NOUN,race
299,kalle,v,VERB,call
300,lov,n,NOUN,law
301,forum,n,NOUN,forum
302,enda,adv,ADV,still
303,historie,n,NOUN,history
304,vente,v,VERB,wait
305,bety,v,VERB,mean
306,kreve,v,VERB,demand
307,fortsette,v,VERB,continue
308,akkurat,adv,ADV,accurate
309,bak,prep,PREP,back
310,kjøre,v,VERB,drive
311,utvikling,n,NOUN,development
312,jente,n,NOUN,girl
313,feil,n,NOUN,error
314,oktober,n,NOUN,October
315,fire,det,DET,four
316,eneste,det,DET,only
317,krav,n,NOUN,requirement
318,politisk,adj,ADJ,political
319,ord,n,NOUN,word
320,mai,n,NOUN,May
321,betale,v,VERB,pay
322,grad,n,NOUN,degree
323,begge,det,DET,both
324,endre,v,VERB,change
325,poste,v,VERB,post
326,friminutt,n,NOUN,break
327,innen,prep,PREP,before
328,nei,interj,INTERJ,no
329,hjelpe,v,VERB,help
330,lav,adj,ADJ,low
331,dra,v,VERB,draw
332,drive,v,VERB,drive
333,spørre,v,VERB,ask
334,gruppe,n,NOUN,group
335,leve,v,VERB,live
336,hjelp,n,NOUN,help
337,meget,adv,ADV,very
338,form,n,NOUN,shape
339,offentlig,adj,ADJ,public
340,forslag,n,NOUN,proposal
341,enkelt,adj,ADJ,single
342,særlig,adj,ADJ,special
343,virkelig,adj,ADJ,real
344,samt,conj,CONJ,and
345,imidlertid,adv,ADV,nevertheless
346,lure,v,VERB,"lurk, trick"
347,spill,n,NOUN,game
348,valg,n,NOUN,choice
349,uansett,prep,PREP,regardless
350,forstå,v,VERB,understand
351,lære,v,VERB,learn
352,september,n,NOUN,September
353,bo,v,VERB,reside
354,åpne,v,VERB,open
355,registrere,v,VERB,register
356,fall,n,NOUN,fall
357,par,n,NOUN,pair
358,vond,adj,ADJ,difficult
359,internasjonal,adj,ADJ,international
360,tema,n,NOUN,theme
361,riktig,adj,ADJ,right
362,publisere,v,VERB,publish
363,dyr,n,NOUN,animal
364,type,n,NOUN,type
365,regel,n,NOUN,rule
366,regjering,n,NOUN,government
367,program,n,NOUN,programme
368,situasjon,n,NOUN,situation
369,utvikle,v,VERB,develop
370,vann,n,NOUN,water
371,familie,n,NOUN,family
372,gutt,n,NOUN,boy
373,enig,adj,ADJ,agreed
374,musikk,n,NOUN,music
375,kontakt,n,NOUN,contact
376,samfunn,n,NOUN,society
377,hjem,n,NOUN,home
378,bidra,v,VERB,contribute
379,vurdere,v,VERB,evaluate
380,behov,n,NOUN,need
381,huske,v,VERB,remember
382,trekke,v,VERB,draw
383,oppleve,v,VERB,experience
384,plan,n,NOUN,plan
385,nevne,v,VERB,name
386,ansette,adj,ADJ,respected
387,foto,n,NOUN,photo
388,lede,v,VERB,lead
389,rekke,n,NOUN,row
390,mat,n,NOUN,mat
391,rask,adj,ADJ,"healthy, quick"
392,elev,n,NOUN,pupil
393,snar,adj,ADJ,quick
394,rette,n,NOUN,right side
395,stat,n,NOUN,state
396,slippe,v,VERB,slip
397,samle,v,VERB,collect
398,ellers,adv,ADV,otherwise
399,fungere,v,VERB,function
400,fri,adj,ADJ,free
401,bestemme,v,VERB,decide
402,poeng,n,NOUN,point
403,takk,n,NOUN,thank you
404,melde,v,VERB,report
405,erfaring,n,NOUN,experience
406,samarbeid,n,NOUN,cooperation
407,inne,adv,ADV,in
408,grei,adj,ADJ,easy
409,spise,v,VERB,eat
410,høres,v,VERB,be heard
411,flott,adj,ADJ,lovely
412,hennes,det,DET,hers
413,søke,v,VERB,search
414,positiv,adj,ADJ,positive
415,august,n,NOUN,August
416,minutt,n,NOUN,minute
417,bort,adv,ADV,"away, gone"
418,passe,v,VERB,care
419,fast,adj,ADJ,solid
420,leder,n,NOUN,leader
421,ansvar,n,NOUN,responsibility
422,økonomisk,adj,ADJ,economic
423,tv,n,NOUN,television
424,nyhet,n,NOUN,news
425,falle,v,VERB,fall
426,mening,n,NOUN,opinion
427,tilfelle,n,NOUN,instance
428,november,n,NOUN,November
429,handle,v,VERB,deal
430,hete,v,VERB,be called
431,sikre,v,VERB,ensure
432,antall,n,NOUN,number
433,utenfor,prep,PREP,outside
434,fredag,n,NOUN,Friday
435,fem,det,DET,five
436,utrolig,adj,ADJ,incredible
437,ifølge,prep,PREP,pursuant to
438,løsning,n,NOUN,solution
439,regne,v,VERB,calculate
440,nødvendig,adj,ADJ,necessary
441,lørdag,n,NOUN,Saturday
442,periode,n,NOUN,period
443,juni,n,NOUN,June
444,bu,n,NOUN,buh
445,lokal,adj,ADJ,local
446,tekst,n,NOUN,text
447,behandling,n,NOUN,treatment
448,redusere,v,VERB,reduce
449,reise,v,VERB,travel
450,benytte,v,VERB,use
451,hæ,interj,INTERJ,ha
452,marked,n,NOUN,market
453,parti,n,NOUN,party
454,hverandre,pron,PRON,each other
455,anbefale,v,VERB,recommend
456,klubb,n,NOUN,club
457,blogg,n,NOUN,blog
458,stadig,adj,ADJ,
459,tiltak,n,NOUN,measure
460,sesong,n,NOUN,season
461,trene,v,VERB,train
462,spiller,n,NOUN,player
463,sommer,n,NOUN,summer
464,kamera,n,NOUN,camera
465,forelder,n,NOUN,parent
466,hus,n,NOUN,house
467,delta,v,VERB,participate
468,oppgave,n,NOUN,task
469,amerikansk,adj,ADJ,American
470,kropp,n,NOUN,body
471,hjemme,adv,ADV,home
472,generell,adj,ADJ,general
473,rapport,n,NOUN,report
474,debatt,n,NOUN,debate
475,husk,v,VERB,remember
476,hard,adj,ADJ,hard
477,svare,v,VERB,answer
478,høst,n,NOUN,"autumn, harvest"
479,søndag,n,NOUN,Sunday
480,nemlig,adv,ADV,exactly
481,forbindelse,n,NOUN,connection
482,flytte,v,VERB,move
483,innhold,n,NOUN,content
484,direkte,adj,ADJ,direct
485,aktuell,adj,ADJ,current
486,kunnskap,n,NOUN,knowledge
487,mangle,v,VERB,need
488,meter,n,NOUN,metre
489,alternativ,n,NOUN,alternative
490,tross,prep,PREP,despite
491,hånd,n,NOUN,hand
492,spennende,adj,ADJ,exciting
493,per,prep,PREP,per
494,mandag,n,NOUN,Monday
495,aktiv,adj,ADJ,active
496,far,n,NOUN,father
497,januar,n,NOUN,January
498,privat,adj,ADJ,private
499,arbeide,v,VERB,work
500,fjor,n,NOUN,last year
501,total,adj,ADJ,total
502,fort,adj,ADJ,fast
503,avtale,v,VERB,"agree, arrange"
504,sosial,adj,ADJ,sociable
505,knytte,v,VERB,attach
506,rom,n,NOUN,room
507,kurs,n,NOUN,course
508,endring,n,NOUN,change
509,foran,prep,PREP,on front
510,levere,v,VERB,deliver
511,sentral,adj,ADJ,central
512,skjønne,v,VERB,estimate
513,torsdag,n,NOUN,Thursday
514,upassende,adj,ADJ,unsuitable
515,tanke,n,NOUN,thought
516,innenfor,prep,PREP,"inside, within"
517,oppdatering,n,NOUN,update
518,jaha,interj,INTERJ,so
519,rolle,n,NOUN,role
520,ende,v,VERB,end up
521,nettopp,adv,ADV,exactly
522,tjeneste,n,NOUN,"favour, service"
523,aktivitet,n,NOUN,activity
524,hente,v,VERB,collect
525,forskning,n,NOUN,research
526,glad,adj,ADJ,happy
527,miste,v,VERB,lose
528,bestå,v,VERB,"pass, consist"
529,onsdag,n,NOUN,Wednesday
530,mor,n,NOUN,mother
531,hilsen,n,NOUN,greeting
532,april,n,NOUN,April
533,åpen,adj,ADJ,open
534,én,det,DET,one
535,an,adv,ADV,to
536,forskjell,n,NOUN,difference
537,helst,adv,ADV,preferably
538,organisasjon,n,NOUN,organisation
539,fremtid,n,NOUN,future
540,forsøke,v,VERB,attempt
541,kvalitet,n,NOUN,quality
542,rest,n,NOUN,remainder
543,politi,n,NOUN,police
544,interesse,n,NOUN,interest
545,verdi,n,NOUN,value
546,støtte,n,NOUN,support
547,ball,n,NOUN,dance
548,eventuell,adj,ADJ,possible
549,øye,n,NOUN,eye
550,ferdig,adj,ADJ,finished
551,stemme,n,NOUN,voice
552,koste,v,VERB,cost
553,ålreit,adj,ADJ,alright
554,utgangspunkt,n,NOUN,point of departure
555,ene,adv,ADV,alone
556,svart,adj,ADJ,black
557,personlig,adj,ADJ,personal
558,ren,adj,ADJ,clean
559,selvfølgelig,adj,ADJ,"natural, obvious"
560,krig,n,NOUN,war
561,telefon,n,NOUN,telephone
562,natt,n,NOUN,night
563,dele,v,VERB,separate
564,produkt,n,NOUN,product
565,miljø,n,NOUN,environment
566,råd,n,NOUN,advice
567,via,prep,PREP,via
568,følgende,adj,ADJ,following
569,system,n,NOUN,system
570,februar,n,NOUN,February
571,slett,adj,ADJ,downright
572,lik,adj,ADJ,like
573,morgen,n,NOUN,morning
574,vær,n,NOUN,weather
575,ekstra,adj,ADJ,extra
576,endelig,adj,ADJ,finally
577,masse,n,NOUN,mass
578,hode,n,NOUN,head
579,klage,v,VERB,complain
580,basere,v,VERB,base
581,selvsagt,adj,ADJ,of course
582,bedrift,n,NOUN,company
583,inneholde,v,VERB,contain
584,ungdom,n,NOUN,youth
585,lys,n,NOUN,light
586,lege,n,NOUN,play
587,utdanning,n,NOUN,"education, training"
588,politikk,n,NOUN,policy
589,nja,interj,INTERJ,well
590,tilbud,n,NOUN,offer
591,ti,det,DET,ten
592,milliard,n,NOUN,billion
593,rød,adj,ADJ,red
594,kontroll,n,NOUN,control
595,dessuten,adv,ADV,moreover
596,fornøyd,adj,ADJ,pleased
597,klokke,n,NOUN,clock
598,myndighet,n,NOUN,authority
599,hest,n,NOUN,horse
600,sammenheng,n,NOUN,context
601,opprette,v,VERB,establish
602,utfordring,n,NOUN,challenge
603,tilby,v,VERB,offer
604,tak,n,NOUN,roof
605,hevde,v,VERB,"claim, assert"
606,virksomhet,n,NOUN,"company, activity"
607,nedpå,prep,PREP,down
608,styrke,n,NOUN,strength
609,klasse,n,NOUN,class
610,helse,n,NOUN,health
611,aller,adv,ADV,very
612,uti,prep,PREP,out in
613,liste,n,NOUN,list
614,fantastisk,adj,ADJ,fantastic
615,skikkelig,adj,ADJ,decent
616,nivå,n,NOUN,level
617,lyst,n,NOUN,desire
618,interessant,adj,ADJ,interesting
619,desember,n,NOUN,December
620,avis,n,NOUN,newspaper
621,kraftig,adj,ADJ,powerful
622,alene,adv,ADV,alone
623,unna,prep,PREP,away from
624,helg,n,NOUN,weekend
625,bakgrunn,n,NOUN,background
626,start,n,NOUN,start
627,forrige,adj,ADJ,previous
628,praksis,n,NOUN,practice
629,stoppe,v,VERB,stop
630,tråd,n,NOUN,thread
631,sjanse,n,NOUN,chance
632,viss,adj,ADJ,certain
633,normal,adj,ADJ,normal
634,slags,n,NOUN,type
635,billig,adj,ADJ,cheap
636,felles,adj,ADJ,common
637,pasient,n,NOUN,patient
638,forklare,v,VERB,explain
639,enten,conj,CONJ,either
640,effekt,n,NOUN,effect
641,kaste,v,VERB,throw
642,aksje,n,NOUN,share
643,grunnlag,n,NOUN,basis
644,naturlig,adj,ADJ,natural
645,undersøkelse,n,NOUN,examination
646,vekt,n,NOUN,weight
647,kunde,n,NOUN,customer
648,tjene,v,VERB,serve
649,dør,n,NOUN,door
650,bytte,v,VERB,swap
651,fokus,n,NOUN,focus
652,kultur,n,NOUN,culture
653,lærer,n,NOUN,teacher
654,dekke,v,VERB,cover
655,presentere,v,VERB,present
656,forfatter,n,NOUN,author
657,nasjonal,adj,ADJ,national
658,drepe,v,VERB,kill
659,forvente,v,VERB,expect
660,fisk,n,NOUN,fish
661,tilgjengelig,adj,ADJ,available
662,hvit,adj,ADJ,white
663,alvorlig,adj,ADJ,serious
664,gjest,n,NOUN,guest
665,slite,v,VERB,"wear, tear, pull"
666,gratis,adj,ADJ,free
667,modell,n,NOUN,model
668,fylle,v,VERB,fill
669,betydning,n,NOUN,meaning
670,merke,v,VERB,mark
671,glemme,v,VERB,forget
672,politiker,n,NOUN,politician
673,kjempe,v,VERB,fight
674,farge,n,NOUN,colour
675,foreslå,v,VERB,propose
676,salg,n,NOUN,sale
677,henge,v,VERB,hang
678,jul,n,NOUN,Christmas
679,voksen,adj,ADJ,adult
680,gæren,adj,ADJ,crazy
681,planlegge,v,VERB,plan
682,årsak,n,NOUN,cause
683,atten,det,DET,eighteen
684,slutte,v,VERB,end
685,ingenting,pron,PRON,nothing
686,deretter,adv,ADV,afterwards
687,følelse,n,NOUN,feeling
688,båt,n,NOUN,boat
689,tilsvare,v,VERB,correspond to
690,video,n,NOUN,video
691,diskutere,v,VERB,discuss
692,utføre,v,VERB,perform
693,elske,v,VERB,love
694,stilling,n,NOUN,position
695,etablere,v,VERB,establish
696,tape,v,VERB,lose
697,juli,n,NOUN,July
698,unngå,v,VERB,avoid
699,daglig,adj,ADJ,daily
700,skøyte,n,NOUN,"smack, skate"
701,opplevelse,n,NOUN,experience
702,forsker,n,NOUN,researcher
703,vokse,v,VERB,grow
704,behandle,v,VERB,treat
705,beskrive,v,VERB,describe
706,dessverre,adv,ADV,unfortunately
707,vurdering,n,NOUN,assessment
708,sex,n,NOUN,sex
709,derimot,adv,ADV,on the contrary
710,kraft,n,NOUN,power
711,bryte,v,VERB,break
712,morsom,adj,ADJ,funny
713,kirke,n,NOUN,church
714,utsette,v,VERB,postpone
715,seks,det,DET,six
716,overfor,prep,PREP,opposite
717,tydelig,adj,ADJ,clear
718,sykdom,n,NOUN,illness
719,studium,n,NOUN,study
720,absolutt,adj,ADJ,absolute
721,seier,n,NOUN,victory
722,ledelse,n,NOUN,management
723,engelsk,adj,ADJ,English
724,tirsdag,n,NOUN,Tuesday
725,lyd,n,NOUN,sound
726,negativ,adj,ADJ,negative
727,oie,interj,INTERJ,
728,halv,adj,ADJ,half
729,norge,n,NOUN,Norway
730,død,adj,ADJ,dead
731,trening,n,NOUN,training
732,tittel,n,NOUN,title
733,love,v,VERB,promise
734,satse,v,VERB,gamble
735,konsekvens,n,NOUN,consequence
736,grense,n,NOUN,border
737,skille,v,VERB,separate
738,melding,n,NOUN,report
739,jøss,interj,INTERJ,gosh
740,karakter,n,NOUN,character
741,from,adj,ADJ,pious
742,fremre,adj,ADJ,foremost
743,eie,v,VERB,own
744,gal,adj,ADJ,mad
745,oppnå,v,VERB,achieve
746,diskusjon,n,NOUN,discussion
747,fysisk,adj,ADJ,physical
748,påvirke,v,VERB,affect
749,styre,n,NOUN,control
750,fly,v,VERB,fly
751,skyte,v,VERB,shoot
752,hensyn,n,NOUN,regard
753,fremover,prep,PREP,in future
754,oppta,v,VERB,take up
755,besøk,n,NOUN,visit
756,bane,n,NOUN,track
757,selve,det,DET,itself
758,føde,v,VERB,give birth
759,motta,v,VERB,receive
760,arrangere,v,VERB,arrange
761,media,n,NOUN,media
762,svak,adj,ADJ,weak
763,økonomi,n,NOUN,economy
764,gjennomføre,v,VERB,implement
765,version,n,NOUN,version
766,fare,n,NOUN,danger
767,nett,n,NOUN,net
768,kilde,n,NOUN,source
769,tredje,adj,ADJ,third
770,betydelig,adj,ADJ,considerable
771,natur,n,NOUN,nature
772,ennå,adv,ADV,still
773,he,interj,INTERJ,ha
774,bank,n,NOUN,bank
775,forsvinne,v,VERB,disappear
776,praktisk,adj,ADJ,practical
777,fotball,n,NOUN,football
778,verken,conj,CONJ,neither
779,test,n,NOUN,test
780,imot,prep,PREP,against
781,visning,n,NOUN,display
782,avslutte,v,VERB,complete
783,rekkehus,n,NOUN,terrace house
784,bosted,n,NOUN,homestead
785,tillate,v,VERB,allow
786,øvrig,adj,ADJ,other
787,borte,adv,ADV,away
788,stund,n,NOUN,hour
789,rik,adj,ADJ,rich
790,såkalt,adj,ADJ,so called
791,konkurranse,n,NOUN,competition
792,lykke,n,NOUN,luck
793,idé,n,NOUN,idea
794,drikke,v,VERB,drink
795,sjekk,n,NOUN,check
796,rar,adj,ADJ,strange
797,skade,n,NOUN,damage
798,vakker,adj,ADJ,beautiful
799,treffe,v,VERB,meet
800,sørge,v,VERB,mourn
801,serie,n,NOUN,series
802,trygg,adj,ADJ,safe
803,barnehage,n,NOUN,kindergarten
804,punkt,n,NOUN,point
805,makt,n,NOUN,power
806,faglig,adj,ADJ,professional
807,tvil,n,NOUN,doubt
808,logg,n,NOUN,log
809,tung,adj,ADJ,heavy
810,funksjon,n,NOUN,function
811,fag,n,NOUN,profession
812,syk,adj,ADJ,sick
813,stige,v,VERB,increase
814,forsøk,n,NOUN,test
815,bjørn,n,NOUN,bear
816,bein,n,NOUN,leg
817,relativ,adj,ADJ,relative
818,overraske,v,VERB,surprise
819,prosess,n,NOUN,process
820,fremdeles,adv,ADV,then
821,løse,v,VERB,solve
822,evne,n,NOUN,ability
823,anledning,n,NOUN,occasion
824,høyre,adj,ADJ,right
825,produsere,v,VERB,produce
826,effektiv,adj,ADJ,effective
827,sammenligne,v,VERB,compare
828,innebære,v,VERB,entail
829,buss,n,NOUN,bus
830,leser,n,NOUN,lease
831,synge,v,VERB,sing
832,teknisk,adj,ADJ,technical
833,tilgang,n,NOUN,access
834,interessere,v,VERB,interest
835,sjekke,v,VERB,check
836,utvalg,n,NOUN,selection
837,dame,n,NOUN,lady
838,redde,v,VERB,save
839,universitet,n,NOUN,university
840,omgang,n,NOUN,round
841,profil,n,NOUN,profile
842,skriv,n,NOUN,letter
843,språk,n,NOUN,language
844,farlig,adj,ADJ,dangerous
845,verdt,adj,ADJ,worth
846,inkludere,v,VERB,include
847,oversikt,n,NOUN,overview
848,middel,n,NOUN,middle
849,glede,n,NOUN,joy
850,tap,n,NOUN,tap
851,alder,n,NOUN,age
852,metode,n,NOUN,method
853,syn,n,NOUN,sight
854,eksistere,v,VERB,exist
855,takke,v,VERB,thank
856,fjern,adj,ADJ,far
857,digital,adj,ADJ,digital
858,fy,interj,INTERJ,ugh
859,størrelse,n,NOUN,size
860,ete,adj,ADJ,eat greedily
861,avhengig,adj,ADJ,depending
862,bære,v,VERB,carry
863,kompetanse,n,NOUN,competency
864,sang,n,NOUN,song
865,plutselig,adj,ADJ,sudden
866,sann,adj,ADJ,true
867,inntekt,n,NOUN,income
868,brev,n,NOUN,letter
869,sykehus,n,NOUN,hospital
870,utover,prep,PREP,in addition
871,plassere,v,VERB,place
872,e-post,n,NOUN,email
873,omtrent,adv,ADV,approximately
874,organisere,v,VERB,organise
875,vedta,v,VERB,decide
876,stand,n,NOUN,stall
877,svensk,adj,ADJ,Swedish
878,risiko,n,NOUN,risk
879,besøke,v,VERB,visit
880,midt,adv,ADV,in the middle
881,uttrykk,n,NOUN,expression
882,press,n,NOUN,printer
883,anmeldelse,n,NOUN,report
884,teste,v,VERB,test
885,ødelegge,v,VERB,destroy
886,opplysning,n,NOUN,information
887,trolig,adj,ADJ,probable
888,handling,n,NOUN,action
889,populær,adj,ADJ,popular
890,imponere,v,VERB,impress
891,representere,v,VERB,represent
892,dyp,adj,ADJ,deep
893,konsert,n,NOUN,concert
894,kritikk,n,NOUN,critique
895,produksjon,n,NOUN,production
896,deltaker,n,NOUN,participant
897,inngå,v,VERB,enter into
898,invitere,v,VERB,invite
899,tysk,adj,ADJ,German
900,foreta,v,VERB,do
901,kjent,adj,ADJ,known
902,tett,adj,ADJ,close
903,knapp,n,NOUN,button
904,inntil,prep,PREP,until
905,faktum,n,NOUN,fact
906,utstyr,n,NOUN,equipment
907,standard,n,NOUN,standard
908,gjennomført,adj,ADJ,implemented
909,tegn,n,NOUN,character
910,linje,n,NOUN,line
911,ressurs,n,NOUN,resource
912,skjerm,n,NOUN,screen
913,befolkning,n,NOUN,population
914,retning,n,NOUN,direction
915,T-bane,n,NOUN,underground
916,skaffe,v,VERB,get
917,tube,n,NOUN,tube
918,moderne,adj,ADJ,modern
919,olje,n,NOUN,oil
920,skatt,n,NOUN,tax
921,tale,n,NOUN,speech
922,lansere,v,VERB,launch
923,rimelig,adj,ADJ,reasonable
924,president,n,NOUN,president
925,konge,n,NOUN,king
926,tusen,det,DET,thousand
927,dukke,v,VERB,duck
928,enorm,adj,ADJ,enormous
929,bibliotek,n,NOUN,library
930,mengde,n,NOUN,amount
931,næringsliv,n,NOUN,business
932,bred,adj,ADJ,wide
933,vedtak,n,NOUN,decision
934,vare,n,NOUN,good
935,sentrum,n,NOUN,centre
936,fremme,v,VERB,promote
937,sjelden,adv,ADV,rarely
938,hyggelig,adj,ADJ,cosy
939,bekrefte,v,VERB,confirm
940,ansvarlig,adj,ADJ,responsible
941,fordel,n,NOUN,advantage
942,oppstå,v,VERB,occur
943,rettighet,n,NOUN,right
944,oppdage,v,VERB,discover
945,foregå,v,VERB,occur
946,teknologi,n,NOUN,technology
947,innføre,v,VERB,introduce
948,utgjøre,v,VERB,implement
949,re,v,VERB,prepare
950,lignende,adj,ADJ,similar
951,uttale,v,VERB,pronounce
952,kristen,adj,ADJ,Christian
953,oppe,prep,PREP,up
954,dansk,adj,ADJ,Danish
955,stoff,n,NOUN,material
956,frisk,adj,ADJ,fresh
957,kjøp,n,NOUN,purchase
958,hjerte,n,NOUN,heart
959,begrense,v,VERB,limit
960,skyldes,v,VERB,owe to
961,vekst,n,NOUN,growth
962,varm,adj,ADJ,warm
963,post,n,NOUN,mail
964,umulig,adj,ADJ,impossible
965,sau,n,NOUN,sauna
966,opprinnelig,adj,ADJ,original
967,kjærlighet,n,NOUN,love
968,vinter,n,NOUN,winter
969,skyld,n,NOUN,debt
970,varme,n,NOUN,warmth
971,hotell,n,NOUN,hotel
972,flink,adj,ADJ,capable
973,grønn,adj,ADJ,green
974,global,adj,ADJ,global
975,forståelse,n,NOUN,understanding
976,mørk,adj,ADJ,dark
977,minne,v,VERB,mine
978,godkjenne,v,VERB,approve
979,æsj,interj,INTERJ,ugh
980,hende,v,VERB,happen
981,varsle,v,VERB,warn
982,bord,n,NOUN,table
983,tradisjonell,adj,ADJ,traditional
984,part,n,NOUN,part
985,gate,n,NOUN,street
986,konto,n,NOUN,account
987,enhver,pron,PRON,any
988,ringe,v,VERB,phone
989,nettside,n,NOUN,webpage
990,materiale,n,NOUN,material
991,omtale,v,VERB,talk about
992,fjøs,n,NOUN,cowshed
993,tom,adj,ADJ,empty
994,enebolig,n,NOUN,single family home
995,konkret,adj,ADJ,concrete
996,avdeling,n,NOUN,department
997,historisk,adj,ADJ,historical
998,publikum,n,NOUN,audience
999,snu,v,VERB,turn
1000,ytterligere,adj,ADJ,further
1001,ettersom,conj,CONJ,as
1002,ramme,n,NOUN,frame
1003,europeisk,adj,ADJ,European
1004,trykke,v,VERB,print
1005,unge,n,NOUN,youth
1006,øl,n,NOUN,beer
1007,kald,adj,ADJ,cold
1008,foreløpig,adj,ADJ,preliminary
1009,link,n,NOUN,link
1010,omfatte,v,VERB,include
1011,syv,det,DET,seven
1012,usikker,adj,ADJ,uncertain
1013,nekte,v,VERB,deny
1014,øvre,adj,ADJ,upper
1015,søknad,n,NOUN,application
1016,perfekt,adj,ADJ,perfect
1017,sikkerhet,n,NOUN,security
1018,representant,n,NOUN,representative
1019,mer,n,NOUN,more
1020,begrep,n,NOUN,concept
1021,langs,prep,PREP,along
1022,vekk,adv,ADV,away
1023,forsvar,n,NOUN,defence
1024,holdning,n,NOUN,attitude
1025,konflikt,n,NOUN,conflict
1026,maskin,n,NOUN,machine
1027,nylig,adv,ADV,recently
1028,tank,n,NOUN,tank
1029,stenge,v,VERB,close
1030,nettsted,n,NOUN,homepage
1031,sove,v,VERB,sleep
1032,vesentlig,adj,ADJ,considerable
1033,pen,adj,ADJ,nice
1034,nummer,n,NOUN,number
1035,snakk,n,NOUN,talk
1036,drift,n,NOUN,operation
1037,argument,n,NOUN,argument
1038,begynnelse,n,NOUN,beginning
1039,kone,n,NOUN,wife
1040,journalist,n,NOUN,journalist
1041,dreie,v,VERB,turn
1042,prinsipp,n,NOUN,principle
1043,lenke,n,NOUN,chain
1044,religion,n,NOUN,religion
1045,fjerne,v,VERB,remove
1046,emne,n,NOUN,subject
1047,fred,n,NOUN,peace
1048,kommentere,v,VERB,comment
1049,katt,n,NOUN,cat
1050,lete,v,VERB,search
1051,muslim,n,NOUN,Muslim
1052,vestkant,n,NOUN,west side
1053,teori,n,NOUN,theory
1054,hjemmeside,n,NOUN,homepage
1055,nede,adv,ADV,down
1056,vis,n,NOUN,show
1057,luft,n,NOUN,air
1058,hindre,v,VERB,hinder
1059,oppmerksomhet,n,NOUN,attention
1060,fortjene,v,VERB,deserve
1061,bevegelse,n,NOUN,movement
1062,variere,v,VERB,vary
1063,dømme,v,VERB,judge
1064,omkring,prep,PREP,about
1065,ordning,n,NOUN,scheme
1066,ekstrem,adj,ADJ,extreme
1067,butikk,n,NOUN,shop
1068,økning,n,NOUN,increase
1069,klær,n,NOUN,clothes
1070,virkelighet,n,NOUN,reality
1071,årlig,adj,ADJ,annually
1072,jord,n,NOUN,soil
1073,forlate,v,VERB,leave
1074,sør,n,NOUN,south
1075,dum,adj,ADJ,stupid
1076,bortpå,adj,ADJ,over at
1077,professor,n,NOUN,professor
1078,kritisk,adj,ADJ,critical
1079,fordele,v,VERB,distribute
1080,banan,n,NOUN,banana
1081,annerledes,adj,ADJ,different
1082,stykke,n,NOUN,piece
1083,velkommen,adj,ADJ,welcome
1084,mars,n,NOUN,March
1085,understreke,v,VERB,underline
1086,jakt,n,NOUN,hunt
1087,fullstendig,adj,ADJ,complete
1088,løs,adj,ADJ,loose
1089,omfattende,adj,ADJ,extensive
1090,inntrykk,n,NOUN,impression
1091,prege,v,VERB,point
1092,et,det,DET,one
1093,medføre,v,VERB,entail
1094,deilig,adj,ADJ,lovely
1095,danne,v,VERB,create
1096,heldigvis,adv,ADV,luckily
1097,kina,n,NOUN,China
1098,kontor,n,NOUN,office
1099,avgjøre,v,VERB,decide
1100,strategi,n,NOUN,strategy
1101,kostnad,n,NOUN,cost
1102,bestille,v,VERB,order
1103,energi,n,NOUN,energy
1104,studere,v,VERB,study
1105,innom,prep,PREP,inside
1106,tilpasse,v,VERB,adapt
1107,kg,n,NOUN,kg
1108,peke,v,VERB,point
1109,stikke,v,VERB,prick
1110,fiske,v,VERB,fish
1111,undervisning,n,NOUN,education
1112,havn,n,NOUN,harbour
1113,art,n,NOUN,type
1114,beholde,v,VERB,keep
1115,neppe,adv,ADV,hardly
1116,rygg,n,NOUN,back
1117,gård,n,NOUN,farm
1118,britisk,adj,ADJ,British
1119,km,n,NOUN,km
1120,fugl,n,NOUN,bird
1121,lønn,n,NOUN,salary
1122,tvinge,v,VERB,force
1123,strikk,n,NOUN,rubber band
1124,lei,adj,ADJ,distance
1125,spare,v,VERB,save
1126,aktør,n,NOUN,actor
1127,institusjon,n,NOUN,institution
1128,formål,n,NOUN,purpose
1129,band,n,NOUN,band
1130,videregående,adj,ADJ,advanced
1131,direktør,n,NOUN,director
1132,måle,v,VERB,measure
1133,not,n,NOUN,seine
1134,vegg,n,NOUN,wall
1135,frykte,v,VERB,fear
1136,kunst,n,NOUN,art
1137,reagere,v,VERB,react
1138,innrømme,v,VERB,admit
1139,hverdag,n,NOUN,everyday
1140,relatere,v,VERB,relate
1141,eiendom,n,NOUN,property
1142,sekund,n,NOUN,second
1143,uavhengig,adj,ADJ,independent
1144,ledd,n,NOUN,joint
1145,sitat,n,NOUN,quotation
1146,fattig,adj,ADJ,poor
1147,kutte,v,VERB,cut
1148,engasjere,v,VERB,engage
1149,flertall,n,NOUN,majority
1150,rapportere,v,VERB,report
1151,allikevel,adv,ADV,anyway
1152,spre,v,VERB,spread
1153,konklusjon,n,NOUN,conclusion
1154,tidspunkt,n,NOUN,time
1155,redigere,v,VERB,edit
1156,vold,n,NOUN,violence
1157,opplæring,n,NOUN,training
1158,ferd,n,NOUN,journey
1159,fylkeskommune,n,NOUN,county council
1160,nettverk,n,NOUN,network
1161,ferie,n,NOUN,holiday
1162,gul,adj,ADJ,yellow
1163,kjær,adj,ADJ,cute
1164,leilighet,n,NOUN,apartment
1165,avstand,n,NOUN,distance
1166,påpeke,v,VERB,point out
1167,spor,n,NOUN,track
1168,reaksjon,n,NOUN,reaction
1169,østkant,n,NOUN,east side
1170,klikk,n,NOUN,click
1171,plate,n,NOUN,plate
1172,solid,adj,ADJ,solid
1173,hytte,n,NOUN,cabin
1174,angripe,v,VERB,attack
1175,utgave,n,NOUN,edition
1176,frihet,n,NOUN,freedom
1177,forandre,v,VERB,change
1178,savne,v,VERB,miss
1179,suksess,n,NOUN,success
1180,etterpå,adv,ADV,afterwards
1181,motor,n,NOUN,engine
1182,anse,v,VERB,regard
1183,rolig,adj,ADJ,peaceful
1184,altfor,adv,ADV,too
1185,tyde,v,VERB,interpret
1186,oppfordre,v,VERB,encourage
1187,kontrakt,n,NOUN,contract
1188,unntak,n,NOUN,exception
1189,detalj,n,NOUN,detail
1190,enhet,n,NOUN,unit
1191,cm,n,NOUN,cm
1192,dø,v,VERB,die
1193,kontrollere,v,VERB,check
1194,posisjon,n,NOUN,position
1195,igjennom,prep,PREP,through
1196,sol,n,NOUN,sun
1197,hår,n,NOUN,hair
1198,budsjett,n,NOUN,budget
1199,streng,adj,ADJ,severe
1200,øyeblikk,n,NOUN,moment
1201,hoppe,v,VERB,hop
1202,more,v,VERB,amuse
1203,slag,n,NOUN,blow
1204,laste,v,VERB,load
1205,kjempegøy,adj,ADJ,great
1206,anlegg,n,NOUN,installation
1207,dog,adv,ADV,however
1208,overta,v,VERB,take over
1209,løpe,v,VERB,run
1210,ansikt,n,NOUN,face
1211,vanligvis,adv,ADV,normally
1212,bidrag,n,NOUN,contribution
1213,mamma,n,NOUN,mum
1214,respekt,n,NOUN,respect
1215,åtte,det,DET,eight
1216,bolig,n,NOUN,house
1217,hundre,det,DET,hundred
1218,nærhet,n,NOUN,proximity
1219,oppfatte,v,VERB,understand
1220,tilhøre,v,VERB,belong
1221,akseptere,v,VERB,accept
1222,psykisk,adj,ADJ,physical
1223,beskjed,n,NOUN,message
1224,advokat,n,NOUN,lawyer
1225,bry,v,VERB,care
1226,innstilling,n,NOUN,setting
1227,diverse,adj,ADJ,various
1228,skog,n,NOUN,forest
1229,trykk,n,NOUN,print
1230,dom,n,NOUN,judgement
1231,ri,v,VERB,stitch
1232,grunnleggende,adj,ADJ,basic
1233,engang,adv,ADV,once
1234,gøy,adj,ADJ,gay
1235,sjef,n,NOUN,boss
1236,forsvare,v,VERB,defend
1237,indre,adj,ADJ,inner
1238,frivillig,adj,ADJ,voluntary
1239,forutsetning,n,NOUN,precondition
1240,datter,n,NOUN,daughter
1241,presse,v,VERB,press
1242,nyttig,adj,ADJ,useful
1243,brann,n,NOUN,fire
1244,tøff,adj,ADJ,tough
1245,lykkes,v,VERB,succeed
1246,angrep,n,NOUN,attack
1247,fokusere,v,VERB,focus
1248,avgjørende,adj,ADJ,imperative
1249,utstilling,n,NOUN,exhibition
1250,finger,n,NOUN,finger
1251,veranda,n,NOUN,veranda
1252,individuell,adj,ADJ,individual
1253,utland,n,NOUN,foreign countries
1254,tja,interj,INTERJ,well…
1255,ok,interj,INTERJ,ok
1256,lagre,v,VERB,store
1257,samtale,n,NOUN,conversation
1258,beskytte,v,VERB,protect
1259,erstatte,v,VERB,replace
1260,automatisk,adj,ADJ,automatically
1261,umiddelbar,adj,ADJ,immediately
1262,kvartal,n,NOUN,quarter
1263,mage,n,NOUN,spouse
1264,seriøs,adj,ADJ,serious
1265,vilje,n,NOUN,will
1266,fylke,n,NOUN,region
1267,greie,n,NOUN,understanding
1268,fransk,adj,ADJ,French
1269,uttalelse,n,NOUN,pronunciation
1270,bikkje,n,NOUN,dog
1271,dokument,n,NOUN,document
1272,skremme,v,VERB,scare
1273,jevn,adj,ADJ,"level, smooth"
1274,liksom,adv,ADV,like
1275,smak,n,NOUN,taste
1276,produsent,n,NOUN,producer
1277,smile,v,VERB,smile
1278,fest,n,NOUN,party
1279,konferanse,n,NOUN,conference
1280,russ,n,NOUN,sixth former
1281,eier,n,NOUN,owner
1282,utslipp,n,NOUN,emission
1283,oppdrag,n,NOUN,assignment
1284,sannsynligvis,adv,ADV,probably
1285,dobbel,adj,ADJ,double
1286,foreligge,v,VERB,exist
1287,tradisjon,n,NOUN,tradition
1288,forsiktig,adj,ADJ,careful
1289,relevant,adj,ADJ,relevant
1290,utenlandsk,adj,ADJ,foreign
1291,forresten,adv,ADV,by the way
1292,skifte,v,VERB,change
1293,ukjent,adj,ADJ,unknown
1294,befinne,v,VERB,be
1295,fot,n,NOUN,foot
1296,forskrift,n,NOUN,instruction
1297,sitere,v,VERB,quote
1298,statlig,adj,ADJ,stately
1299,bringe,v,VERB,bring
1300,mangel,n,NOUN,lack
1301,bekymre,v,VERB,worry
1302,gym,n,NOUN,PE
1303,undersøke,v,VERB,examine
1304,soldat,n,NOUN,soldier
1305,oppgi,v,VERB,state
1306,utnytte,v,VERB,use
1307,design,n,NOUN,design
1308,motsatt,adj,ADJ,opposite
1309,drøm,n,NOUN,dream
1310,munn,n,NOUN,mouth
1311,religiøs,adj,ADJ,religious
1312,felt,n,NOUN,field
1313,artist,n,NOUN,artist
1314,anta,v,VERB,assume
1315,blå,adj,ADJ,blue
1316,forklaring,n,NOUN,explanation
1317,nærme,v,VERB,close in
1318,forside,n,NOUN,front page
1319,sønn,n,NOUN,son
1320,dommer,n,NOUN,judge
1321,typisk,adj,ADJ,typical
1322,prioritere,v,VERB,prioritise
1323,bevege,v,VERB,move
1324,arbeidsplass,n,NOUN,work place
1325,sektor,n,NOUN,sector
1326,leke,v,VERB,play
1327,eksamen,n,NOUN,exam
1328,analyse,n,NOUN,analysis
1329,utarbeide,v,VERB,produce
1330,offisiell,adj,ADJ,official
1331,nydelig,adj,ADJ,neat
1332,skjule,v,VERB,cover
1333,håp,n,NOUN,hope
1334,definere,v,VERB,define
1335,legg,n,NOUN,game
1336,oppfatning,n,NOUN,impression
1337,bygning,n,NOUN,building
1338,hav,n,NOUN,sea
1339,brenne,v,VERB,burn
1340,synd,n,NOUN,sin
1341,pause,n,NOUN,pause
1342,beskrivelse,n,NOUN,description
1343,koble,v,VERB,link
1344,kjempegod,adj,ADJ,really great
1345,bestemmelse,n,NOUN,decision
1346,sunn,adj,ADJ,healthy
1347,vindu,n,NOUN,window
1348,dit,prep,PREP,there
1349,bror,n,NOUN,brother
1350,hendelse,n,NOUN,event
1351,medisin,n,NOUN,medicine
1352,forbi,prep,PREP,past
1353,runde,n,NOUN,round
1354,stil,n,NOUN,style
1355,merkelig,adj,ADJ,strange
1356,bunn,n,NOUN,bottom
1357,kommunal,adj,ADJ,municipal
1358,ytre,adj,ADJ,outer
1359,kategori,n,NOUN,category
1360,avsløre,v,VERB,uncover
1361,rund,adj,ADJ,round
1362,halvpart,n,NOUN,half part
1363,felle,v,VERB,fell
1364,tåle,v,VERB,tolerate
1365,kart,n,NOUN,map
1366,snill,adj,ADJ,"clever, handy"
1367,lange,v,VERB,hand
1368,mobil,adj,ADJ,mobile
1369,ære,n,NOUN,honour
1370,innsendt,adj,ADJ,dispatch
1371,blande,v,VERB,mix
1372,ekte,adj,ADJ,true
1373,stolt,adj,ADJ,proud
1374,høgskole,n,NOUN,college
1375,nødvendigvis,adv,ADV,necessarily
1376,rente,v,VERB,interest
1377,departement,n,NOUN,department
1378,nordisk,adj,ADJ,Nordic
1379,kjønn,n,NOUN,gender
1380,forutsette,v,VERB,assume
1381,dato,n,NOUN,date
1382,innbygger,v,VERB,inhabitant
1383,tilstand,n,NOUN,condition
1384,skuespiller,n,NOUN,actor
1385,seng,n,NOUN,bed
1386,søt,adj,ADJ,sweet
1387,tulle,v,VERB,wrap
1388,veiledning,n,NOUN,guide
1389,arm,n,NOUN,arm
1390,nyte,v,VERB,enjoy
1391,servere,v,VERB,serve
1392,trist,adj,ADJ,sad
1393,sleng,n,NOUN,style
1394,signal,n,NOUN,signal
1395,kjedelig,adj,ADJ,dull
1396,rein,n,NOUN,reindeer
1397,last,n,NOUN,load
1398,stjerne,n,NOUN,star
1399,mikrofon,n,NOUN,microphone
1400,sannhet,n,NOUN,truth
1401,statsminister,n,NOUN,prime minister
1402,smerte,n,NOUN,pain
1403,kule,n,NOUN,ball
1404,fengsel,n,NOUN,prison
1405,ettermiddag,n,NOUN,afternoon
1406,nøye,adj,ADJ,satisfied
1407,overgang,n,NOUN,transition
1408,forholde,v,VERB,relate
1409,blad,n,NOUN,leaf
1410,kapittel,n,NOUN,chapter
1411,element,n,NOUN,element
1412,rykte,n,NOUN,rumour
1413,forventning,n,NOUN,expectation
1414,skolegård,n,NOUN,school yard
1415,elektronisk,adj,ADJ,electronic
1416,sjø,n,NOUN,"sea, lake"
1417,alkohol,n,NOUN,alcohol
1418,data,n,NOUN,data
1419,egenskap,n,NOUN,characteristic
1420,fremfor,prep,PREP,instead of
1421,villig,adj,ADJ,willing
1422,kar,n,NOUN,tub
1423,litteratur,n,NOUN,literature
1424,påstand,n,NOUN,assertion
1425,perspektiv,n,NOUN,perspective
1426,le,v,VERB,laugh
1427,blod,n,NOUN,blood
1428,problemstilling,n,NOUN,issue
1429,heldig,adj,ADJ,lucky
1430,såpass,adv,ADV,
1431,samling,n,NOUN,collection
1432,tydeligvis,adv,ADV,clearly
1433,verk,n,NOUN,work
1434,kvinnelig,adj,ADJ,womanly
1435,feire,v,VERB,celebrate
1436,elv,n,NOUN,river
1437,tilstrekkelig,adj,ADJ,adequate
1438,muligens,adv,ADV,possibly
1439,lek,n,NOUN,game
1440,vin,n,NOUN,wine
1441,intern,adj,ADJ,internal
1442,kjerring,n,NOUN,old woman
1443,score,v,VERB,score
1444,Italia,n,NOUN,Italy
1445,vennlig,adj,ADJ,friendly
1446,faktor,n,NOUN,factor
1447,kandidat,n,NOUN,candidate
1448,fremstå,v,VERB,appear
1449,arrangement,n,NOUN,arrangement
1450,besteforelder,n,NOUN,grandparents
1451,kjæreste,n,NOUN,sweetheart
1452,ni,det,DET,nine
1453,blikk,n,NOUN,glance
1454,islam,n,NOUN,Islam
1455,overføre,v,VERB,transfer
1456,lukke,v,VERB,close
1457,hud,n,NOUN,skin
1458,bevisst,adj,ADJ,consciously
1459,do,n,NOUN,loo
1460,samarbeide,v,VERB,cooperate
1461,moro,adj,ADJ,fun
1462,kommunikasjon,n,NOUN,communication
1463,slåball,n,NOUN,kind of softball
1464,vitenskapelig,adj,ADJ,scientific
1465,kombinasjon,n,NOUN,combination
1466,trussel,n,NOUN,threat
1467,forberede,v,VERB,prepare
1468,stein,n,NOUN,stone
1469,gull,n,NOUN,gold
1470,kaffe,n,NOUN,coffee
1471,slette,v,VERB,delete
1472,nedover,prep,PREP,down
1473,dialog,n,NOUN,dialogue
1474,middag,n,NOUN,"noon, dinner"
1475,levende,adj,ADJ,living
1476,rase,v,VERB,race
1477,plukke,v,VERB,pick
1478,fremtidig,adj,ADJ,future
1479,arbeidsgiver,n,NOUN,employer
1480,hensikt,n,NOUN,intention
1481,herlig,adj,ADJ,excellent
1482,dokumentere,v,VERB,document
1483,plassering,n,NOUN,placing
1484,krise,n,NOUN,crisis
1485,involvere,v,VERB,involve
1486,kvadrat,n,NOUN,square
1487,gravid,adj,ADJ,pregnant
1488,status,n,NOUN,status
1489,opplyse,v,VERB,inform
1490,hybel,n,NOUN,bed-sit
1491,korrekt,adj,ADJ,correct
1492,huse,n,NOUN,houses
1493,spiss,n,NOUN,tip
1494,himmel,n,NOUN,sky
1495,rive,v,VERB,rake
1496,øre,n,NOUN,ear
1497,hate,v,VERB,hate
1498,forbund,n,NOUN,federation
1499,plante,n,NOUN,plant
1500,høyde,n,NOUN,height
1501,opprettholde,v,VERB,maintain
1502,lokale,n,NOUN,hall
1503,stemning,n,NOUN,atmosphere
1504,funke,n,NOUN,world
1505,undertegne,v,VERB,sign
1506,ulovlig,adj,ADJ,illegal
1507,oppføre,v,VERB,act
1508,orden,n,NOUN,system
1509,snø,n,NOUN,snow
1510,valp,n,NOUN,pup
1511,vill,adj,ADJ,wild
1512,straffe,v,VERB,punish
1513,fange,v,VERB,"trap, catch"
1514,anonym,adj,ADJ,anonymous
1515,dramatisk,adj,ADJ,dramatic
1516,egne,v,VERB,be fit for
1517,pleie,v,VERB,care
1518,delvis,adv,ADV,partly
1519,kunstner,n,NOUN,artist
1520,reell,adj,ADJ,real
1521,mail,n,NOUN,mail
1522,ovenfor,prep,PREP,above
1523,innvandrer,n,NOUN,immigrant
1524,nabo,n,NOUN,neighbour
1525,hallo,interj,INTERJ,hallo
1526,hull,n,NOUN,hole
1527,boks,n,NOUN,box
1528,løfte,v,VERB,promise
1529,tegne,v,VERB,draw
1530,forhånd,n,NOUN,forehand
1531,ekspert,n,NOUN,expert
1532,døgn,n,NOUN,day
1533,vind,n,NOUN,wind
1534,festival,n,NOUN,festival
1535,ivareta,v,VERB,take care of
1536,tildele,v,VERB,distribute
1537,skudd,n,NOUN,shoot
1538,stas,n,NOUN,decoration
1539,gifte,v,VERB,marry
1540,påstå,v,VERB,claim
1541,ekstern,adj,ADJ,external
1542,skritt,n,NOUN,step
1543,vende,v,VERB,turn
1544,møtes,v,VERB,meet
1545,klima,n,NOUN,climate
1546,andel,n,NOUN,share
1547,alvor,n,NOUN,seriousness
1548,låne,v,VERB,lend
1549,tynn,adj,ADJ,thin
1550,kulturell,adj,ADJ,cultural
1551,glass,n,NOUN,glass
1552,oppover,prep,PREP,above
1553,smake,v,VERB,taste
1554,investering,n,NOUN,investment
1555,sko,n,NOUN,shoe
1556,motstander,n,NOUN,opponent
1557,garantere,v,VERB,guarantee
1558,industri,n,NOUN,industry
1559,engasjement,n,NOUN,commitment
1560,bevise,v,VERB,prove
1561,favoritt,n,NOUN,favourite
1562,redaktør,n,NOUN,editor
1563,voldsom,adj,ADJ,powerful
1564,kant,n,NOUN,edge
1565,overleve,v,VERB,survive
1566,gratulere,v,VERB,congratulate
1567,keeper,n,NOUN,keeper
1568,kombinere,v,VERB,combine
1569,vedkommende,adj,ADJ,concerned
1570,preke,v,VERB,point
1571,satsing,n,NOUN,staking
1572,roman,n,NOUN,novel
1573,hit,adv,ADV,here
1574,tørre,v,VERB,dry
1575,egg,n,NOUN,egg
1576,ro,n,NOUN,peace
1577,generasjon,n,NOUN,generation
1578,fjerde,adj,ADJ,fourth
1579,sannsynlig,adj,ADJ,probably
1580,klassisk,adj,ADJ,classic
1581,jøde,n,NOUN,Jew
1582,innflytter,n,NOUN,"new tenant, immigrant"
1583,medisinsk,adj,ADJ,medical
1584,demokrati,n,NOUN,democracy
1585,helle,v,VERB,slope
1586,gjeng,n,NOUN,gang
1587,regi,n,NOUN,"stage management, direction"
1588,fet,adj,ADJ,fat
1589,profesjonell,adj,ADJ,professional
1590,foredrag,n,NOUN,lecture
1591,motstand,n,NOUN,resistance
1592,forbedre,v,VERB,improve
1593,seksuell,adj,ADJ,sexual
1594,utvide,v,VERB,expand
1595,derifra,prep,PREP,from there
1596,ifra,prep,PREP,from
1597,frykt,n,NOUN,fear
1598,bonde,n,NOUN,farmer
1599,ring,n,NOUN,ring
1600,sur,adj,ADJ,sour
1601,beregne,v,VERB,calculate
1602,temperatur,n,NOUN,temperature
1603,fart,n,NOUN,speed
1604,bransje,n,NOUN,sector
1605,skriftlig,adj,ADJ,written
1606,oppgjør,n,NOUN,settlement
1607,våkne,v,VERB,wake
1608,batteri,n,NOUN,battery
1609,arbeidsliv,n,NOUN,work life
1610,male,v,VERB,paint
1611,helt,n,NOUN,hero
1612,hittil,adv,ADV,until
1613,tendens,n,NOUN,tendency
1614,søk,n,NOUN,search
1615,binde,v,VERB,bind
1616,te,n,NOUN,tea
1617,jaså,adv,ADV,so
1618,riktignok,adv,ADV,sure enough
1619,virkning,n,NOUN,effect
1620,tørr,adj,ADJ,dry
1621,nøyaktig,adj,ADJ,exact
1622,regional,adj,ADJ,regional
1623,passere,v,VERB,pass
1624,gjenge,n,NOUN,progress
1625,gripe,v,VERB,catch
1626,grundig,adj,ADJ,thorough
1627,klikke,v,VERB,click
1628,pluss,adv,ADV,plus
1629,symptom,n,NOUN,symptom
1630,gave,n,NOUN,present
1631,føles,v,VERB,feel
1632,tillit,n,NOUN,trust
1633,ake,v,VERB,sledge
1634,toast,n,NOUN,toast
1635,varg,n,NOUN,wolf
1636,programvare,v,VERB,software
1637,ordne,v,VERB,fix
1638,hage,n,NOUN,hook
1639,avvise,v,VERB,dismiss
1640,dokumentasjon,n,NOUN,documentation
1641,figur,n,NOUN,figure
1642,tilbakemelding,n,NOUN,feedback
1643,initiativ,n,NOUN,initiative
1644,heve,v,VERB,increase
1645,uttrykke,v,VERB,express
1646,motsetning,n,NOUN,contrast
1647,bygg,n,NOUN,barley;construction
1648,finale,n,NOUN,finale
1649,skip,n,NOUN,ship
1650,nedre,adj,ADJ,lower
1651,ane,v,VERB,sense
1652,åpenbare,v,VERB,reveal
1653,synke,v,VERB,swallow
1654,utenom,prep,PREP,around
1655,teknikk,n,NOUN,technique
1656,offer,n,NOUN,victim
1657,demokratisk,adj,ADJ,democracy
1658,kino,n,NOUN,cinema
1659,forhandling,n,NOUN,negotiation
1660,synlig,adj,ADJ,visible
1661,anbefaling,n,NOUN,recommendation
1662,muslimsk,adj,ADJ,Muslim
1663,oppløsning,n,NOUN,solution
1664,maks,adj,ADJ,max
1665,bryst,n,NOUN,breast
1666,gjenta,v,VERB,repeat
1667,fornuftig,adj,ADJ,sensible
1668,reklame,n,NOUN,advertisement
1669,seminar,n,NOUN,seminar
1670,børs,n,NOUN,stock exchange
1671,kritisere,v,VERB,criticise
1672,aksjon,n,NOUN,action
1673,episode,n,NOUN,episode
1674,meny,n,NOUN,menu
1675,likhet,n,NOUN,likeness
1676,beklage,v,VERB,regret
1677,artig,adj,ADJ,funny/odd
1678,kle,v,VERB,dress
1679,riksmål,n,NOUN,official national language
1680,samtlige,adj,ADJ,all
1681,danse,v,VERB,dance
1682,sykkel,n,NOUN,bicycle
1683,avansere,v,VERB,advance
1684,spenning,n,NOUN,tension
1685,låt,n,NOUN,sound
1686,hive,v,VERB,toss
1687,forbeholde,v,VERB,reserve
1688,svekke,v,VERB,let down
1689,bla,v,VERB,turn
1690,åpning,n,NOUN,opening
1691,formidle,v,VERB,disseminate
1692,rydde,v,VERB,clear
1693,nytte,n,NOUN,use
1694,våpen,n,NOUN,weapon
1695,vekke,v,VERB,wake
1696,opptre,v,VERB,act
1697,tolke,v,VERB,interpret
1698,avgjørelse,n,NOUN,decision
1699,hjørne,n,NOUN,corner
1700,bit,n,NOUN,bite
1701,stygg,adj,ADJ,nasty
1702,fersk,adj,ADJ,fresh
1703,gulv,n,NOUN,floor
1704,forening,n,NOUN,association
1705,tog,n,NOUN,train
1706,sone,n,NOUN,zone
1707,rå,adj,ADJ,raw
1708,søren,interj,INTERJ,bother
1709,forlag,n,NOUN,publisher
1710,nødt,adj,ADJ,obliged
1711,region,n,NOUN,region
1712,drap,n,NOUN,murder
1713,plikt,n,NOUN,obligation
1714,uenig,adj,ADJ,"at odds, divided, opposed"
1715,stole,v,VERB,trust
1716,drømme,v,VERB,dream
1717,real,adj,ADJ,real
1718,gift,adj,ADJ,married
1719,forbruker,n,NOUN,consumer
1720,obligatorisk,adj,ADJ,obligatory
1721,telle,v,VERB,count
1722,fyr,n,NOUN,"fire, lighthouse, furnace"
1723,pappa,n,NOUN,dad
1724,handel,n,NOUN,trade
1725,mobiltelefon,n,NOUN,mobile phone
1726,kollega,n,NOUN,colleague
1727,utgift,n,NOUN,cost
1728,beslutning,n,NOUN,decision
1729,firma,n,NOUN,company
1730,selger,n,NOUN,salesperson
1731,dagbok,n,NOUN,diary
1732,venstre,adj,ADJ,left
1733,diabetes,n,NOUN,diabetes
1734,trafikk,n,NOUN,traffic
1735,blåse,v,VERB,blow
1736,balkong,n,NOUN,balcony
1737,sikte,v,VERB,aim
1738,bake,v,VERB,bake
1739,kjøtt,n,NOUN,meat
1740,kjøkken,n,NOUN,kitchen
1741,nedenfor,prep,PREP,below
1742,hovedsak,n,NOUN,main point
1743,økologisk,adj,ADJ,organic
1744,skru,v,VERB,screw
1745,billett,n,NOUN,ticket
1746,mill.,n,NOUN,mill
1747,traktor,n,NOUN,tractor
1748,kilo,n,NOUN,kilo
1749,venne,v,VERB,turn
1750,pakke,n,NOUN,package
1751,uheldig,adj,ADJ,unlucky
1752,antagelig,adv,ADV,probably
1753,banke,v,VERB,knock
1754,ordentlig,adj,ADJ,proper
1755,russetid,n,NOUN,celebration of completion of secondary school
1756,homofil,adj,ADJ,homosexual
1757,verktøy,n,NOUN,tool
1758,øvelse,n,NOUN,exercise
1759,regelverk,n,NOUN,regulation
1760,grov,adj,ADJ,harsh
1761,bite,v,VERB,bite
1762,retningslinje,n,NOUN,guideline
1763,virkemiddel,n,NOUN,means
1764,dels,adv,ADV,partly
1765,boliger,n,NOUN,houses
1766,prate,v,VERB,talk
1767,trekk,n,NOUN,draught
1768,ledig,adj,ADJ,available
1769,høne,n,NOUN,hen
1770,karriere,n,NOUN,career
1771,adresse,n,NOUN,address
1772,fellesskap,n,NOUN,community
1773,papir,n,NOUN,paper
1774,fritidsaktivitet,n,NOUN,leisure time activity
1775,budskap,n,NOUN,message
1776,helhet,n,NOUN,entirety
1777,opptil,prep,PREP,up to
1778,stabil,adj,ADJ,stable
1779,restaurant,n,NOUN,restaurant
1780,statistikk,n,NOUN,statistic
1781,selvstendig,adj,ADJ,independent
1782,gidde,v,VERB,be bothered
1783,ordinær,adj,ADJ,ordinary
1784,stråle,v,VERB,radiate
1785,forby,v,VERB,forbid
1786,stjele,v,VERB,steal
1787,omgivelse,n,NOUN,surroundings
1788,frukt,n,NOUN,fruit
1789,forestilling,n,NOUN,act
1790,bevis,n,NOUN,proof
1791,militær,adj,ADJ,military
1792,skoletid,n,NOUN,school time
1793,original,adj,ADJ,original
1794,trives,v,VERB,enjoy oneself
1795,innspill,n,NOUN,input
1796,menneskelig,adj,ADJ,human
1797,pendle,v,VERB,commute
1798,henhold,n,NOUN,accordance
1799,parkeringsplass,n,NOUN,parking space
1800,berøre,v,VERB,relate
1801,risikere,v,VERB,risk
1802,radio,n,NOUN,radio
1803,kontakte,v,VERB,contact
1804,deltakelse,n,NOUN,participation
1805,etisk,adj,ADJ,ethical
1806,rad,n,NOUN,row
1807,presentasjon,n,NOUN,presentation
1808,fraflytting,n,NOUN,move away
1809,ovevise,v,VERB,
1810,innføring,n,NOUN,introduction
1811,fader,interj,INTERJ,God
1812,underveis,prep,PREP,during
1813,partner,n,NOUN,partner
1814,rope,v,VERB,shout
1815,utfordre,v,VERB,challenge
1816,etasje,n,NOUN,floor
1817,tilskudd,n,NOUN,supplement
1818,kapasitet,n,NOUN,capacity
1819,sikt,n,NOUN,aim
1820,omsetning,n,NOUN,turnover
1821,kø,n,NOUN,queue
1822,konkurrent,n,NOUN,competitor
1823,konkludere,v,VERB,conclude
1824,moderator,n,NOUN,moderator
1825,inspirere,v,VERB,inspire
1826,noensinne,adv,ADV,ever
1827,finanskrise,n,NOUN,financial crisis
1828,tilfeldig,adj,ADJ,accidental
1829,regle,n,NOUN,story
1830,midlertidig,adj,ADJ,temporary
1831,vestlig,adj,ADJ,Western
1832,strand,n,NOUN,beach
1833,bud,n,NOUN,messenger
1834,knuse,v,VERB,crush
1835,forsterke,v,VERB,strengthen
1836,grep,n,NOUN,grasp
1837,fastsette,v,VERB,determine
1838,legemiddel,n,NOUN,medicine
1839,administrasjon,n,NOUN,administration
1840,tilfredsstille,v,VERB,satisfy
1841,forbruk,n,NOUN,consumption
1842,ærlig,adj,ADJ,honest
1843,studie,n,NOUN,study
1844,opplegg,n,NOUN,presentation
1845,gud,n,NOUN,god
1846,ekteskap,n,NOUN,marriage
1847,sliten,adj,ADJ,worn
1848,potensial,n,NOUN,potential
1849,hobby,n,NOUN,hobby
1850,næring,n,NOUN,nutrition
1851,trend,n,NOUN,trend
1852,vellykket,adj,ADJ,successful
1853,vilkår,n,NOUN,condition
1854,guttunge,n,NOUN,lad
1855,omfang,n,NOUN,extent
1856,kreativ,adj,ADJ,creative
1857,format,n,NOUN,format
1858,beløp,n,NOUN,amount
1859,oljepris,n,NOUN,oil price
1860,kåre,v,VERB,select
1861,fortelling,n,NOUN,story
1862,ulykke,n,NOUN,accident
1863,bensinstasjon,n,NOUN,petrol station
1864,læring,n,NOUN,learning
1865,arbeidstaker,n,NOUN,employee
1866,myk,adj,ADJ,much
1867,smart,adj,ADJ,smart
1868,barnevern,n,NOUN,child protection
1869,koselig,adj,ADJ,cosy
1870,stall,n,NOUN,stable
1871,forandring,n,NOUN,change
1872,mangfold,n,NOUN,diversity
1873,tone,n,NOUN,tone
1874,liter,n,NOUN,litre
1875,strid,n,NOUN,conflict
1876,regulere,v,VERB,regulate
1877,fil,n,NOUN,file
1878,snøball,n,NOUN,snowball
1879,fenomen,n,NOUN,phenomenon
1880,skolebuss,n,NOUN,school bus
1881,hvorvidt,conj,CONJ,if
1882,langsiktig,adj,ADJ,long-term
1883,godta,v,VERB,approve
1884,ligne,v,VERB,like
1885,hemmelig,adj,ADJ,secret
1886,innse,v,VERB,acknowledge
1887,kampanje,n,NOUN,campaign
1888,pass,n,NOUN,passport
1889,unik,adj,ADJ,unique
1890,g,n,NOUN,g
1891,scene,n,NOUN,scene
1892,overskudd,n,NOUN,surplus
1893,nåværende,adj,ADJ,current
1894,russisk,adj,ADJ,Russian
1895,advare,v,VERB,warn
1896,lån,n,NOUN,loan
1897,datamaskin,n,NOUN,computer
1898,omsorg,n,NOUN,care
1899,medium,n,NOUN,medium
1900,regnskap,n,NOUN,accounts
1901,opphold,n,NOUN,stay
1902,kjekk,adj,ADJ,decent
1903,skeptisk,adj,ADJ,sceptical
1904,motiv,n,NOUN,motive
1905,skarp,adj,ADJ,sharp
1906,avgift,n,NOUN,fee
1907,vest,n,NOUN,west/vest
1908,informere,v,VERB,inform
1909,trinn,n,NOUN,step
1910,årsmøte,n,NOUN,annual meeting
1911,frøken,n,NOUN,miss
1912,betrakte,v,VERB,consider
1913,synspunkt,n,NOUN,point of view
1914,fotballbane,n,NOUN,football pitch
1915,ille,adv,ADV,ill
1916,individ,n,NOUN,individual
1917,dose,n,NOUN,dose
1918,leverandør,n,NOUN,supplier
1919,planlegging,n,NOUN,plan
1920,pedagogisk,adj,ADJ,pedagogical
1921,frist,n,NOUN,deadline
1922,blank,adj,ADJ,blank
1923,mektig,adj,ADJ,mighty
1924,lide,v,VERB,like
1925,stue,n,NOUN,lounge
1926,voks,n,NOUN,wax
1927,øy,n,NOUN,island
1928,vinterferie,n,NOUN,winter holiday
1929,nedgang,n,NOUN,decline
1930,overhode,n,NOUN,"head, chief"
1931,investere,v,VERB,invest
1932,tempo,n,NOUN,speed
1933,gråte,v,VERB,cry
1934,strekke,v,VERB,stretch
1935,utgi,v,VERB,publish
1936,speider,n,NOUN,scout
1937,statconjdsjett,n,NOUN,
1938,bot,n,NOUN,remedy
1939,juridisk,adj,ADJ,legal
1940,vert,n,NOUN,host
1941,oppfølging,n,NOUN,follow-up
1942,fat,n,NOUN,"dish, barrel"
1943,faen,n,NOUN,damn
1944,straff,n,NOUN,punishment
1945,foretrekke,v,VERB,prefer
1946,signere,v,VERB,sign
1947,blodsukker,n,NOUN,blood sugar
1948,vegne,n,NOUN,behalf
1949,sakte,adj,ADJ,quiet
1950,transport,n,NOUN,transport
1951,divisjon,n,NOUN,division
1952,mynt,n,NOUN,coin;mint
1953,overgrep,n,NOUN,abuse
1954,tidsskrift,n,NOUN,magazine
1955,lue,n,NOUN,cap
1956,ond,adj,ADJ,evil
1957,gli,v,VERB,glide
1958,storting,v,VERB,parliament
1959,forbud,n,NOUN,ban
1960,valgkamp,n,NOUN,election campaign
1961,eks,n,NOUN,ex
1962,vaksine,n,NOUN,vaccine
1963,evig,adj,ADJ,"forever, eternal"
1964,oppskrift,n,NOUN,recipe
1965,bestemt,adj,ADJ,definite
1966,vitne,n,NOUN,witness
1967,kilometer,n,NOUN,kilometre
1968,bakke,n,NOUN,hill
1969,tilknytning,n,NOUN,connection
1970,hovedsakelig,adj,ADJ,mainly
1971,spent,adj,ADJ,eager
1972,stress,n,NOUN,stress
1973,håndtere,v,VERB,handle
1974,menighet,n,NOUN,congregation
1975,variant,n,NOUN,variation
1976,gass,n,NOUN,gas
1977,dødball,n,NOUN,dead ball
1978,hjerne,n,NOUN,brain
1979,stanse,v,VERB,stop
1980,regissør,n,NOUN,stage director
1981,balanse,n,NOUN,balance
1982,fotograf,n,NOUN,photographer
1983,dyktig,adj,ADJ,clever
1984,henholdsvis,adv,ADV,relatively
1985,utbygging,n,NOUN,extension
1986,unødvendig,adj,ADJ,unnecessary
1987,ballspill,n,NOUN,ball game
1988,innsikt,n,NOUN,insight
1989,bakgård,n,NOUN,back yard
1990,nyfødt,adj,ADJ,newborn
1991,tabell,n,NOUN,table
1992,medarbeider,n,NOUN,employee
1993,senke,v,VERB,sink
1994,kosthold,n,NOUN,diet
1995,grunne,v,VERB,found
1996,støl,n,NOUN,mountain dairy farm
1997,naturligvis,adv,ADV,naturally
1998,feste,v,VERB,party
1999,opptak,n,NOUN,admission
2000,rektor,n,NOUN,rector
2001,gjennomføring,n,NOUN,completion
2002,realitet,n,NOUN,reality
2003,arbeider,n,NOUN,worker
2004,tann,n,NOUN,tooth
2005,flat,adj,ADJ,flat
2006,tilsi,v,VERB,say
2007,kopi,n,NOUN,copy
2008,begrunnelse,n,NOUN,reason
2009,nasjon,n,NOUN,nation
2010,finansiere,v,VERB,finance
2011,innflytelse,n,NOUN,influence
2012,pressemelding,n,NOUN,press release
2013,våt,adj,ADJ,wet
2014,straks,adv,ADV,immediately
2015,menneskerettighet,n,NOUN,human right
2016,hær,n,NOUN,army
2017,dans,n,NOUN,dance
2018,sans,n,NOUN,sense
2019,måltid,n,NOUN,meal
2020,kjempeflott,adj,ADJ,really great
2021,guide,n,NOUN,guide
2022,gram,n,NOUN,gram
2023,innsats,n,NOUN,effort
2024,kose,v,VERB,make cosy
2025,herifra,adv,ADV,from here
2026,blanding,n,NOUN,mixture
2027,stryke,v,VERB,iron
2028,inni,prep,PREP,inside
2029,definitiv,adj,ADJ,definitive
2030,justere,v,VERB,adjust
2031,lytte,v,VERB,listen
2032,søster,n,NOUN,sister
2033,øst,n,NOUN,East
2034,prest,n,NOUN,vicar
2035,museum,n,NOUN,museum
2036,evaluering,n,NOUN,evaluation
2037,lidelse,n,NOUN,illness
2038,brus,n,NOUN,mineral water
2039,tvers,adv,ADV,across
2040,tvert,adv,ADV,across
2041,pc,n,NOUN,pc
2042,konkurrere,v,VERB,compete
2043,uvanlig,adj,ADJ,unusual
2044,vinner,v,VERB,win
2045,ordfører,n,NOUN,chairman
2046,således,adv,ADV,so
2048,lengde,n,NOUN,length
2049,orke,v,VERB,be able to
2050,info,n,NOUN,info
2051,landbruk,n,NOUN,farm
2052,elektrisk,adj,ADJ,electrical
2053,attraktiv,adj,ADJ,attractive
2054,kjapp,n,NOUN,fast
2055,blogger,n,NOUN,blogger
2056,integrere,v,VERB,integrate
2057,tentamen,n,NOUN,all-day test
2058,takle,v,VERB,tackle
2059,hals,n,NOUN,neck
2060,oppmerksom,adj,ADJ,awareness
2061,markere,v,VERB,mark
2062,vaske,v,VERB,wash
2063,kriterium,n,NOUN,criteria
2064,tvile,v,VERB,doubt
2065,kode,n,NOUN,code
2066,tillatelse,n,NOUN,permission
2067,kvitte,v,VERB,stop
2068,operasjon,n,NOUN,operation
2069,flaske,n,NOUN,bottle
2070,nokså,adv,ADV,rather
2071,oppfylle,v,VERB,complete
2072,sparke,v,VERB,kick
2073,fremmed,adj,ADJ,stranger
2074,flyplass,n,NOUN,airport
2075,amerikaner,n,NOUN,American
2076,arena,n,NOUN,arena
2077,nordover,prep,PREP,northwards
2078,leie,v,VERB,lend
2079,brun,adj,ADJ,brown
2080,fakultet,n,NOUN,faculty
2081,brudd,n,NOUN,break
2082,ledning,n,NOUN,cord
2083,saklig,adj,ADJ,professional
2084,kødde,v,VERB,mess (with)
2085,kapital,n,NOUN,capital
2086,tonn,n,NOUN,ton
2087,sivil,adj,ADJ,civil
2088,forferdelig,adj,ADJ,awful
2089,stamme,n,NOUN,trunk;tribe
2090,lykkelig,adj,ADJ,happy
2091,late,v,VERB,let
2092,bygging,n,NOUN,building
2093,senter,n,NOUN,centre
2094,operere,v,VERB,operate
2095,irritere,v,VERB,irritate
2096,sykle,v,VERB,cycle
2097,fortid,n,NOUN,past
2098,identitet,n,NOUN,identity
2099,potensiell,adj,ADJ,potential
2100,objektiv,adj,ADJ,objective
2101,dikt,n,NOUN,poem
2102,barnefamilie,n,NOUN,family with children
2103,utbytte,n,NOUN,profit
2104,melk,n,NOUN,milk
2105,falsk,adj,ADJ,false
2106,ås,n,NOUN,hill
2107,århundre,n,NOUN,century
2108,konsentrere,v,VERB,concentrate
2109,aha,interj,INTERJ,aha
2110,fattigdom,n,NOUN,poverty
2111,stopp,n,NOUN,stop
2112,kanal,n,NOUN,channel
2113,muskel,n,NOUN,muscle
2114,venninne,n,NOUN,girlfriend
2115,tilsynelatende,adj,ADJ,apparently
2116,resultere,v,VERB,result
2117,biologisk,adj,ADJ,biology
2118,treer,n,NOUN,three
2119,spansk,adj,ADJ,Spanish
2120,moralsk,adj,ADJ,morally
2121,sistnevnt,adj,ADJ,lastly
2122,installere,v,VERB,install
2123,stav,n,NOUN,stick
2124,mg,n,NOUN,mg
2125,galleri,n,NOUN,gallery
2126,skrekkelig,adj,ADJ,terrible
2127,usikkerhet,n,NOUN,insecurity
2128,observere,v,VERB,observe
2129,organ,n,NOUN,organ
2130,forholdsvis,adv,ADV,relatively
2131,bånd,n,NOUN,"tape, ribbon, tie"
2132,drøy,adj,ADJ,demanding/lasting
2133,behøve,v,VERB,need
2134,rådgiver,n,NOUN,advisor
2135,gjeld,n,NOUN,debt
2136,sukker,n,NOUN,sugar
2137,støy,n,NOUN,noise
2138,finansiering,n,NOUN,financing
2139,fase,n,NOUN,phase
2140,øse,v,VERB,bail
2141,forme,v,VERB,form
2142,salt,adj,ADJ,salt
2143,sjel,n,NOUN,soul
2144,revisor,n,NOUN,accountant
2145,svikte,v,VERB,let down
2146,laks,n,NOUN,salmon
2147,utforming,n,NOUN,design
2148,mild,adj,ADJ,mild
2149,gjennomgå,v,VERB,review
2150,formell,adj,ADJ,formal
2151,rekord,n,NOUN,record
2152,smitte,v,VERB,infect
2153,kebab,n,NOUN,kebab
2154,gjennomgang,n,NOUN,review
2155,forvaltning,n,NOUN,administration
2156,kartlegge,v,VERB,map
2157,igang,adv,ADV,ongoing
2158,gjennomsnittlig,adj,ADJ,average
2159,systematisk,adj,ADJ,systematic
2160,etnisk,adj,ADJ,ethical
2161,henvendelse,n,NOUN,contact
2162,snitt,n,NOUN,cut
2163,forekomme,v,VERB,occur
2164,strøm,n,NOUN,electricity
2165,montere,v,VERB,install
2166,baby,n,NOUN,baby
2167,turist,n,NOUN,tourist
2168,vant,adj,ADJ,used to
2169,nese,n,NOUN,nose
2170,velger,n,NOUN,voter
2171,samsvar,n,NOUN,accordance
2172,fjell,n,NOUN,mountain
2173,frokost,n,NOUN,breakfast
2174,utsikt,n,NOUN,view
2175,erstatning,n,NOUN,compensation
2176,fullføre,v,VERB,complete
2177,vinterstid,n,NOUN,winter time
2178,humor,n,NOUN,humour
2179,rot,n,NOUN,root
2180,bur,n,NOUN,cage
2181,hellig,adj,ADJ,holy
2182,klippe,v,VERB,cut
2183,blomst,n,NOUN,flower
2184,realistisk,adj,ADJ,realistic
2185,glimrende,adj,ADJ,splendid
2186,lovlig,adj,ADJ,legal
2187,avsnitt,n,NOUN,section
2188,styring,n,NOUN,steering
2189,sprek,adj,ADJ,"active, fit"
2190,kommersiell,adj,ADJ,commercial
2191,småskole,n,NOUN,
2192,bevare,v,VERB,keep
2193,offensiv,adj,ADJ,aggressive
2194,søker,n,NOUN,search
2195,bevissthet,n,NOUN,knowledge
2196,rasisme,n,NOUN,racism
2197,fatte,v,VERB,understand
2198,titt,n,NOUN,often
2199,etablering,n,NOUN,establishment
2200,naken,adj,ADJ,naked
2201,idet,conj,CONJ,as
2202,rulle,v,VERB,roll
2203,fan,n,NOUN,fan
2204,lekker,adj,ADJ,delicious
2205,idrett,n,NOUN,sport
2206,henvise,v,VERB,refer
2207,landskap,n,NOUN,landscape
2208,ræv,n,NOUN,fox
2209,regn,n,NOUN,rain
2210,temmelig,adv,ADV,rather
2211,påbygning,n,NOUN,extension
2212,kutt,n,NOUN,cut
2213,kne,n,NOUN,knee
2214,verdenskrig,n,NOUN,world war
2215,primær,adj,ADJ,primary
2216,forebygge,v,VERB,prevent
2217,spå,v,VERB,predict
2218,muttern,n,NOUN,
2219,språkbruk,n,NOUN,usage
2220,teoretisk,adj,ADJ,theoretical
2221,kikke,v,VERB,look
2222,tilsyn,n,NOUN,inspection
2223,overordnet,adj,ADJ,overall
2224,lekeplass,n,NOUN,playground
2225,fødsel,n,NOUN,birth
2226,landlig,adj,ADJ,rural
2227,angi,v,VERB,state
2228,sum,n,NOUN,sum
2229,kjempestor,adj,ADJ,very big
2230,ivrig,adj,ADJ,eager
2231,oppgang,n,NOUN,staircase
2232,revolusjon,n,NOUN,revolution
2233,røyk,n,NOUN,smoke
2234,etterspørsel,n,NOUN,demand
2235,internett,n,NOUN,Internet
2236,front,n,NOUN,front
2237,fjorår,n,NOUN,last year
2238,forhåpentligvis,adv,ADV,hopefully
2239,gevinst,n,NOUN,winnings
2240,sal,n,NOUN,floor;hall
2241,vitenskap,n,NOUN,science
2242,grend,n,NOUN,hamlet
2243,drama,n,NOUN,drama
2244,frisør,n,NOUN,hairdresser
2245,overalt,adv,ADV,overall
2246,struktur,n,NOUN,structure
2247,foretak,n,NOUN,business
2248,super,n,NOUN,super
2249,svineinfluensa,adv,ADV,swine flu
2250,tunge,n,NOUN,tongue
2251,administrativ,adj,ADJ,administrative
2252,avslutning,n,NOUN,end
2253,skummel,adj,ADJ,spooky
2254,helvete,n,NOUN,hell
2255,garanti,n,NOUN,guarantee
2256,kinesisk,adj,ADJ,Chinese
2257,eventyr,n,NOUN,fairytale
2258,bygård,n,NOUN,block of flats
2259,forsikring,n,NOUN,insurance
2260,utvalgt,adj,ADJ,selection
2261,loggføre,v,VERB,log
2262,begrunne,v,VERB,reason
2263,betingelse,n,NOUN,condition
2264,kjendis,n,NOUN,celebrity
2265,administrere,v,VERB,administrate
2266,motivasjon,n,NOUN,motivation
2267,inspirasjon,n,NOUN,inspiration
2268,vaskemaskin,n,NOUN,washing machine
2269,tippe,v,VERB,tip
2270,friste,v,VERB,tempt
2271,formiddag,n,NOUN,morning
2272,areal,n,NOUN,area
2273,påske,n,NOUN,Easter
2274,forkant,n,NOUN,front edge
2275,setning,n,NOUN,sentence
2276,gjenstand,n,NOUN,item
2277,arrestere,v,VERB,arrest
2278,slalåm,n,NOUN,slalom
2279,vedlikehold,n,NOUN,maintenance
2280,skøytebane,n,NOUN,skating rink
2281,innta,v,VERB,take over
2282,særdeles,adv,ADV,very
2283,angående,adj,ADJ,regarding
2284,seigmann,n,NOUN,jelly baby
2285,havne,v,VERB,end up
2286,ytringsfrihet,n,NOUN,freedom of speech
2287,musiker,n,NOUN,musician
2288,røre,v,VERB,touch
2289,overraskelse,n,NOUN,surprise
2290,måling,n,NOUN,measurement
2291,fryktelig,adj,ADJ,awful
2292,tull,n,NOUN,nonsense
2293,fiende,n,NOUN,enemy
2294,fantasi,n,NOUN,fantasy
2295,løype,n,NOUN,piste
2296,definisjon,n,NOUN,definition
2297,konkurs,adj,ADJ,bankrupt
2298,jf.,v,VERB,cf.
2299,forbedring,n,NOUN,improvement
2300,kjøper,n,NOUN,buyer
2301,konsept,n,NOUN,concept
2302,bredde,n,NOUN,width
2303,skulder,n,NOUN,shoulder
2304,styreleder,n,NOUN,chairman
2305,kjøretime,n,NOUN,driving lesson
2306,smil,n,NOUN,smile
2307,cirka,adv,ADV,approximately
2308,slenge,v,VERB,throw
2309,slappe,v,VERB,loosen
2310,indianer,n,NOUN,Indian
2311,underholdning,n,NOUN,entertainment
2312,team,n,NOUN,team
2313,grønnsak,n,NOUN,vegetable
2314,renne,v,VERB,run
2315,sofa,n,NOUN,sofa
2316,skygge,n,NOUN,shadow
2317,muntlig,adj,ADJ,oral
2318,samboer,n,NOUN,cohabitant
2319,hovedstad,n,NOUN,capital
2320,adgang,n,NOUN,access
2321,kvalifisere,v,VERB,qualify
2322,enighet,n,NOUN,agreement
2323,gradvis,adv,ADV,gradually
2324,klem,n,NOUN,hug
2325,godkjenning,n,NOUN,approval
2326,elektriker,n,NOUN,electrician
2327,åndelig,adj,ADJ,spiritual
2328,brød,n,NOUN,bread
2329,mønster,n,NOUN,pattern
2330,premie,n,NOUN,award
2331,Brasil,n,NOUN,Brazil
2332,utstyre,v,VERB,equip
2333,landslag,n,NOUN,national team
2334,planet,n,NOUN,planet
2335,utgang,n,NOUN,exit
2336,barnevennlig,adj,ADJ,child-friendly
2337,pikk,n,NOUN,tab
2338,istedenfor,prep,PREP,instead of
2339,regning,n,NOUN,bill
2340,fordeling,n,NOUN,distribution
2341,preg,n,NOUN,feature
2342,markert,adj,ADJ,pronounced
2343,kriminell,adj,ADJ,criminal
2344,verdifull,adj,ADJ,valuable
2345,skjære,v,VERB,cut
2346,dritt,n,NOUN,dirt
2347,gjemme,v,VERB,save
2348,ettertid,n,NOUN,future
2349,brutal,adj,ADJ,brutal
2350,investor,n,NOUN,investor
2351,skrift,n,NOUN,writing
2352,beskyttelse,n,NOUN,protection
2353,sint,adj,ADJ,angry
2354,tomannsbolig,n,NOUN,semi-detached house
2355,talent,n,NOUN,talent
2356,komplisere,v,VERB,complicate
2357,tilbringe,v,VERB,spend
2358,koke,v,VERB,cook
2359,minimum,n,NOUN,minimum
2360,borgerlig,adj,ADJ,civil
2361,begrensning,n,NOUN,limitation
2362,elendig,adj,ADJ,poor
2363,tilføre,v,VERB,add
2364,uklar,adj,ADJ,unclear
2365,annonse,n,NOUN,advertisement
2366,intens,adj,ADJ,intense
2367,likestilling,n,NOUN,equal opportunity
2368,putte,v,VERB,place
2369,forårsake,v,VERB,cause
2370,russekort,n,NOUN,
2371,generalsekretær,n,NOUN,general secretary
2372,grå,adj,ADJ,grey
2373,israelsk,adj,ADJ,Israeli
2374,komplett,adj,ADJ,complete
2375,ytelse,n,NOUN,payment
2376,markedsføring,n,NOUN,marketing
2377,matematikk,n,NOUN,mathematics
2378,mus,n,NOUN,mouse
2379,klinisk,adj,ADJ,clinical
2380,yrke,n,NOUN,job
2381,bivirkning,n,NOUN,side-effect
2382,eks.,n,NOUN,ex.
2383,usaklig,adj,ADJ,unprofessional
2384,massiv,adj,ADJ,massive
2385,vedlegg,n,NOUN,appendix
2386,semester,n,NOUN,semester
2387,dekning,n,NOUN,cover
2388,lærerinne,n,NOUN,female teacher
2389,rykk,n,NOUN,jerk
2390,variasjon,n,NOUN,variation
2391,trang,adj,ADJ,tight
2392,spesifikk,adj,ADJ,specific
2393,ferdighet,n,NOUN,skill
2394,visjon,n,NOUN,vision
2395,mistenke,v,VERB,suspect
2396,landsmøte,n,NOUN,general assembly
2397,mental,adj,ADJ,mental
2398,derfra,prep,PREP,from there
2399,trapp,n,NOUN,stairs
2400,logge,v,VERB,log
2401,respons,n,NOUN,response
2402,skrike,v,VERB,scream
2403,underskudd,n,NOUN,deficit
2404,lukte,v,VERB,smell
2405,kristendom,n,NOUN,Christianity
2406,bildekvalitet,n,NOUN,picture quality
2407,plage,v,VERB,plague
2408,respektere,v,VERB,respect
2409,permanent,adj,ADJ,permanent
2410,flate,n,NOUN,level
2411,blogge,v,VERB,bog
2412,orientere,v,VERB,inform
2413,sammenligning,n,NOUN,comparison
2414,drabantby,n,NOUN,suburb
2415,miljøvennlig,adj,ADJ,environmentally friendly
2416,oppdatere,v,VERB,update
2417,benk,n,NOUN,bench
2418,stimulere,v,VERB,stimulate
2419,arkiv,n,NOUN,archive
2420,basis,n,NOUN,basis
2421,angst,n,NOUN,fear
2422,bod,n,NOUN,storeroom
2423,forhandle,v,VERB,negotiate
2424,utgivelse,n,NOUN,publication
2425,premiere,n,NOUN,premiere
2426,apropos,adv,ADV,apropos
2427,vits,n,NOUN,joke
2428,musikalsk,adj,ADJ,musical
2429,mil,n,NOUN,mile
2430,skjema,n,NOUN,schedule
2431,vikar,n,NOUN,temp
2432,forstand,n,NOUN,intellect
2433,vaskerom,n,NOUN,washroom
2434,terreng,n,NOUN,terrain
2435,innslag,n,NOUN,element
2436,inngang,n,NOUN,entrance
2437,berømt,adj,ADJ,famous
2438,avdekke,v,VERB,uncover
2439,finansiell,adj,ADJ,financial
2440,arkitekt,n,NOUN,architect
2441,seile,v,VERB,sail
2442,kyst,n,NOUN,coast
2443,utredning,n,NOUN,clarification
2444,oppvarming,n,NOUN,heating
2445,tiår,n,NOUN,decade
2446,tettsted,n,NOUN,densely populated area
2447,eksklusiv,adj,ADJ,exclusive
2448,fravær,n,NOUN,absence
2449,skryte,v,VERB,brag
2450,oversette,v,VERB,translate
2451,tlf.,n,NOUN,ph.
2452,visstnok,adv,ADV,probably
2453,sokk,n,NOUN,sock
2454,hemmelighet,n,NOUN,secret
2455,småtteri,n,NOUN,small things
2456,trygghet,n,NOUN,safety
2457,fikse,v,VERB,fix
2458,arbeidskraft,n,NOUN,workforce
2459,gjenstå,v,VERB,remain
2460,skuter,n,NOUN,scooter
2461,utseende,n,NOUN,appearance
2462,slåss,v,VERB,fight
2463,intervju,n,NOUN,interview
2464,erfare,v,VERB,find out
2465,drøfte,v,VERB,discuss
2466,reflektere,v,VERB,reflect
2467,videreføre,v,VERB,continue
2468,plusse,adv,ADV,add
2469,mark,n,NOUN,field
2470,angre,v,VERB,regret
2471,album,n,NOUN,album
2472,lyn,n,NOUN,lightning
2473,parkering,n,NOUN,parking
2474,rådmann,n,NOUN,chief administrative officer
2475,utsagn,n,NOUN,statement
2476,høyst,adv,ADV,at most
2477,detaljert,adj,ADJ,detailed
2478,sett,n,NOUN,set
2479,angå,v,VERB,regard
2480,utdrag,n,NOUN,extract
2481,relasjon,n,NOUN,relation
2482,stol,n,NOUN,chair
2483,atmosfære,n,NOUN,atmosphere
2484,melke,v,VERB,milk
2485,behagelig,adj,ADJ,comfortable
2486,kollektiv,adj,ADJ,collective
2487,regime,n,NOUN,regime
2488,infrastruktur,n,NOUN,infrastructure
2489,rettferdig,adj,ADJ,fair
2490,nedsatt,adj,ADJ,reduced
2491,kjole,n,NOUN,dress
2492,italiensk,adj,ADJ,Italian
2493,forhindre,v,VERB,hinder
2494,tilhenger,n,NOUN,fan
2495,stiv,adj,ADJ,stiff
2496,klovn,n,NOUN,clown
2497,presis,adj,ADJ,precise
2498,gunstig,adj,ADJ,favourable
2499,kjempeflink,adj,ADJ,great
2500,spore,v,VERB,trace
2501,utmerke,v,VERB,characterise
2502,bistand,n,NOUN,aid
2503,pågå,v,VERB,undergo
2504,betraktning,n,NOUN,consideration
2505,høyttaler,n,NOUN,loud speaker
2506,rutine,n,NOUN,routine
2507,sannsynlighet,n,NOUN,probability
2508,distrikt,n,NOUN,district
2509,idrettslag,n,NOUN,sports club
2510,tilrettelegge,v,VERB,add
2511,tegning,n,NOUN,drawing
2512,fotografere,v,VERB,photograph
2513,kår,n,NOUN,condition
2514,server,n,NOUN,server
2515,ski,n,NOUN,ski
2516,besvare,v,VERB,answer
2517,pust,n,NOUN,breath
2518,bøye,v,VERB,bend
2519,pålegge,v,VERB,instruct
2520,manuell,adj,ADJ,manual
2521,lønne,v,VERB,pay
2522,tusenvis,adv,ADV,in the thousands
2523,samspill,n,NOUN,interaction
2524,eksemplar,n,NOUN,copy
2525,skuffe,v,VERB,disappoint
2526,treg,adj,ADJ,slow
2527,samvittighet,n,NOUN,conscience
2528,sosialistisk,adj,ADJ,socialistic
2529,doktor,n,NOUN,doctor
2530,hylle,n,NOUN,shelf
2531,styrtet,v,VERB,fallen
2532,løgn,n,NOUN,lie
2533,lyde,v,VERB,sound
2534,fabrikk,n,NOUN,factory
2535,diagnose,n,NOUN,diagnosis
2536,Amerika,n,NOUN,America
2537,ambisjon,n,NOUN,ambition
2538,ankomme,v,VERB,arrive
2539,utforme,v,VERB,design
2540,materiell,adj,ADJ,material
2541,lette,v,VERB,lighten
2542,påvise,v,VERB,prove
2543,radikal,adj,ADJ,radical
2544,iverksette,v,VERB,start up
2545,jakte,v,VERB,chase;hunt
2546,glimt,n,NOUN,flash
2547,univers,n,NOUN,universe
2548,refleksjon,n,NOUN,reflection
2549,eksempelvis,adv,ADV,for example
2550,utested,n,NOUN,bar
2551,reduksjon,n,NOUN,reduction
2552,tungvinn,adj,ADJ,
2553,liberal,adj,ADJ,liberal
2554,apotek,n,NOUN,chemist
2555,kjennskap,n,NOUN,knowledge
2556,moderat,adj,ADJ,moderate
2557,foruten,prep,PREP,in addition
2558,retur,n,NOUN,return
2559,sorg,n,NOUN,sorrow
2560,fleksibel,adj,ADJ,flexible
2561,oppsett,n,NOUN,set up
2562,intervjue,v,VERB,interview
2563,stadion,n,NOUN,stadium
2564,kontinuerlig,adj,ADJ,continuous
2565,sta,adj,ADJ,stubborn
2566,filosofi,n,NOUN,philosophy
2567,humør,n,NOUN,mood
2568,snekker,n,NOUN,joiner
2569,arv,n,NOUN,inheritance
2570,kysse,v,VERB,kiss
2571,flyktning,n,NOUN,refugee
2572,forebyggende,adj,ADJ,preventive
2573,tørke,v,VERB,dry
2574,database,n,NOUN,database
2575,overføring,n,NOUN,transfer
2576,hjemmebane,n,NOUN,home court
2577,bekymring,n,NOUN,worry
2578,ubehagelig,adj,ADJ,unpleasant
2579,droppe,v,VERB,drop
2580,hilse,v,VERB,greet
2581,klimaendring,n,NOUN,climate change
2582,landsby,n,NOUN,village
2583,bygd,n,NOUN,hamlet
2584,prestasjon,n,NOUN,achievement
2585,pugge,v,VERB,cram
2586,fisker,n,NOUN,fishermen
2587,sår,n,NOUN,wound
2588,rettssak,n,NOUN,court case
2589,red.,n,NOUN,ed.
2590,uskyldig,adj,ADJ,innocent
2591,travel,adj,ADJ,busy
2592,puste,v,VERB,blow
2593,optimal,adj,ADJ,optimal
2594,opposisjon,n,NOUN,opposition
2595,vedrørende,adj,ADJ,regarding
2596,moskva,n,NOUN,Moscow
2597,skadelig,adj,ADJ,harmful
2598,moped,n,NOUN,moped
2599,dimensjon,n,NOUN,dimension
2600,fremgå,v,VERB,be evident
2601,avkastning,n,NOUN,profit
2602,magasin,n,NOUN,magazine
2603,erfaren,adj,ADJ,experienced
2604,haug,n,NOUN,hill
2605,sekk,n,NOUN,sack
2606,svinge,v,VERB,turn
2607,glipp,n,NOUN,gap
2608,nøkkel,n,NOUN,key
2609,hvorav,adv,ADV,from where
2610,sete,n,NOUN,seat
2611,overflate,n,NOUN,surface
2612,antyde,v,VERB,hint
2613,nestleder,n,NOUN,vice-chairman
2614,håpløs,adj,ADJ,hopeless
2615,kokk,n,NOUN,cook
2616,utvilsom,adj,ADJ,undoubted
2617,oppstart,n,NOUN,start-up
2618,terror,n,NOUN,terror
2619,latterlig,adj,ADJ,ridiculous
2620,kjeft,n,NOUN,jaw
2621,kos,n,NOUN,cosiness
2622,varig,adj,ADJ,lasting
2623,gjennomsnitt,n,NOUN,average
2624,jogurt,n,NOUN,yoghurt
2625,fritid,n,NOUN,leisure
2626,standpunkt,n,NOUN,point of view
2627,skjebne,n,NOUN,destiny
2628,samisk,adj,ADJ,Sami
2629,sammensatt,adj,ADJ,compound
2630,glatt,adj,ADJ,slippery
2631,kreft,n,NOUN,cancer/power
2632,irriterende,adj,ADJ,irritating
2633,hysj,interj,INTERJ,be quiet
2634,tiltalt,n,NOUN,defendant
2635,heie,v,VERB,cheer
2636,vanvittig,adj,ADJ,crazy
2637,harry,adj,ADJ,tacky
2638,grunnskole,n,NOUN,primary school
2639,grusom,adj,ADJ,cruel
2640,oppi,prep,PREP,up in
2641,kasse,n,NOUN,box
2642,grine,n,NOUN,laugh
2643,hjemmelaget,adj,ADJ,home-made
2644,grann,n,NOUN,bit
2645,funn,n,NOUN,find
2646,støte,v,VERB,support
2647,sosialisme,n,NOUN,socialism
2648,hastighet,n,NOUN,speed
2649,hall,n,NOUN,hall
2650,kaos,n,NOUN,chaos
2651,maksimal,adj,ADJ,maximal
2652,fortau,n,NOUN,pavement
2653,rosa,adj,ADJ,praise
2654,folkehøyskole,n,NOUN,college
2655,klatre,v,VERB,climb
2656,alminnelig,adj,ADJ,normal
2657,kjerne,n,NOUN,seed
2658,suge,v,VERB,suck
2659,soverom,n,NOUN,bedroom
2660,bakover,prep,PREP,backwards
2661,smelle,v,VERB,crack
2662,erte,n,NOUN,tease
2663,konstant,adj,ADJ,constant
2664,målsetting,n,NOUN,goal
2665,sosialist,n,NOUN,socialist
2666,forpliktelse,n,NOUN,obligation
2667,palestiner,n,NOUN,Palestinian
2668,stram,adj,ADJ,tight
2669,bondegård,n,NOUN,farm
2670,yte,v,VERB,perform
2671,bærekraftig,adj,ADJ,sustainable
2672,bacon,n,NOUN,bacon
2673,kost,n,NOUN,diet/broom
2674,tilknytte,v,VERB,connect
2675,utelukkende,adv,ADV,only
2676,særskilt,adj,ADJ,specific
2677,konservativ,adj,ADJ,conservative
2678,park,n,NOUN,park
2679,identifisere,v,VERB,identify
2680,ønskelig,adj,ADJ,desirable
2681,innebygget,adj,ADJ,in-built
2682,gress,n,NOUN,grass
2683,utbre,v,VERB,spread
2684,inntak,n,NOUN,intake
2685,ungdomstid,n,NOUN,youth
2686,spark,n,NOUN,kick
2687,sykepleier,n,NOUN,nurse
2688,kaptein,n,NOUN,captain
2689,treroms,adj,ADJ,three-room
2690,hat,n,NOUN,hat
2691,instrument,n,NOUN,instrument
2692,kjeller,n,NOUN,basement
2693,sjåfør,n,NOUN,chauffeur
2694,notat,n,NOUN,note
2695,offentliggjøre,v,VERB,publish
2696,ungdomsskole,n,NOUN,secondary school
2697,problematisk,adj,ADJ,problematic
2698,stikkball,n,NOUN,short pass
2699,fremstille,v,VERB,present
2700,tragisk,adj,ADJ,tragic
2701,prat,n,NOUN,talk
2702,kommunisere,v,VERB,communicate
2703,kapitalisme,n,NOUN,capitalism
2704,innkjøp,n,NOUN,purchase
2705,medlemskap,n,NOUN,membership
2706,snowboard,n,NOUN,snowboard
2707,fornuft,n,NOUN,sense
2708,skolevei,n,NOUN,way to and from school
2709,personale,n,NOUN,personnel
2710,trådløs,adj,ADJ,wireless
2711,bokstav,n,NOUN,letter
2712,tverrfaglig,adj,ADJ,interdisciplinary
2713,nakke,n,NOUN,neck
2714,protest,n,NOUN,protest
2715,våge,v,VERB,dare
2716,revy,n,NOUN,revue
2717,heftig,adj,ADJ,intense
2718,ramle,v,VERB,tumble
2719,analysere,v,VERB,analyse
2720,skylde,v,VERB,owe
2721,teknologisk,adj,ADJ,technological
2722,stakkars,adj,ADJ,miserable
2723,piano,n,NOUN,piano
2724,middels,adj,ADJ,average
2725,forsikre,v,VERB,insure
2726,visuell,adj,ADJ,visual
2727,mystisk,adj,ADJ,mystic
2728,erklære,v,VERB,declare
2729,støv,n,NOUN,dust
2730,mestepart,n,NOUN,better part
2731,utdanne,v,VERB,educate
2732,frakoble,v,VERB,disconnect
2733,redaksjon,n,NOUN,editorial office
2734,beskjeden,adj,ADJ,modest
2735,sinn,n,NOUN,mind
2736,meieri,n,NOUN,dairy
2737,tykk,adj,ADJ,thick
2738,nominere,v,VERB,nominate
2739,graviditet,n,NOUN,pregnancy
2740,betaling,n,NOUN,payment
2741,ulv,n,NOUN,wolf
2742,kriminalitet,n,NOUN,crime
2743,utvidelse,n,NOUN,expansion
2744,utenriksminister,n,NOUN,foreign minister
2745,kuldegrad,n,NOUN,minus degree
2746,referanse,n,NOUN,reference
2747,omhandle,v,VERB,deal with
2748,myte,n,NOUN,myth
2749,blind,adj,ADJ,blind
2750,lunsj,n,NOUN,lunch
2751,trett,adj,ADJ,tired
2752,kontrast,n,NOUN,contrast
2753,institutt,n,NOUN,institute
2754,karamell,n,NOUN,caramel
2755,kjøring,n,NOUN,running
2756,bærbar,adj,ADJ,portable
2757,jødisk,adj,ADJ,Jewish
2758,skap,n,NOUN,cupboard
2759,juleferie,n,NOUN,Christmas holiday
2760,tolv,det,DET,twelve
2761,etterkant,n,NOUN,afterwards
2762,klok,adj,ADJ,clock
2763,realisere,v,VERB,realise
2764,unntatt,prep,PREP,except
2765,forbanna,adj,ADJ,curse
2766,forkorte,v,VERB,abbreviate
2767,rute,n,NOUN,route
2768,heis,n,NOUN,lift
2769,kronikk,n,NOUN,feature article
2770,kunstnerisk,adj,ADJ,artistic
2771,rør,n,NOUN,pipe
2772,advarsel,n,NOUN,warning
2773,halvår,n,NOUN,6 months
2774,potet,n,NOUN,potato
2775,analytiker,n,NOUN,analyst
2776,gårdsdrift,n,NOUN,farming
2777,sky,n,NOUN,sky
2778,gardsbruk,n,NOUN,farm
2779,flau,adj,ADJ,embarrassed
2780,kjemisk,adj,ADJ,chemical
2781,frosk,n,NOUN,frog
2782,reform,n,NOUN,reform
2783,utøve,v,VERB,perform
2784,kniv,n,NOUN,knife
2785,førskole,n,NOUN,pre-school
2786,femte,adj,ADJ,fifth
2787,pressekonferanse,n,NOUN,press conference
2788,uro,n,NOUN,disturbance
2789,logisk,adj,ADJ,logical
2790,flytende,adj,ADJ,floating
2791,røyke,v,VERB,smoke
2792,bekjempe,v,VERB,combat
2793,dyrke,v,VERB,grow
2794,flykte,v,VERB,flee
2795,bortskjemt,adj,ADJ,spoiled
2796,konstruktiv,adj,ADJ,constructive
2797,bom,n,NOUN,bar
2798,helhetlig,adj,ADJ,overall
2799,intervjuer,n,NOUN,interviewer
2800,bekk,n,NOUN,stream
2801,enstemmig,adj,ADJ,unanimous
2802,barnevogn,n,NOUN,pram
2803,storm,n,NOUN,storm
2804,sårbar,adj,ADJ,vulnerable
2805,pensjon,n,NOUN,pension
2806,baksnakke,v,VERB,slander
2807,forelske,v,VERB,fall in love
2808,avhenge,v,VERB,depend
2809,moral,n,NOUN,moral
2810,disk,n,NOUN,disc
2811,intensjon,n,NOUN,intention
2812,kronisk,adj,ADJ,chronic
2813,stang,n,NOUN,pole
2814,palestinsk,adj,ADJ,Palestinian
2815,mørke,n,NOUN,darkness
2816,atferd,n,NOUN,behaviour
2817,svakhet,n,NOUN,weakness
2818,tygge,v,VERB,chew
2819,mappe,n,NOUN,folder
2820,allmenn,adj,ADJ,general
2821,latter,n,NOUN,laughter
2822,tran,n,NOUN,cod-liver oil
2823,tvilsom,adj,ADJ,doubtful
2824,lapp,n,NOUN,patch
2825,utrede,v,VERB,clear up
2826,mur,n,NOUN,wall
2827,toer,n,NOUN,two
2828,observasjon,n,NOUN,observation
2829,tjern,n,NOUN,small forest lake
2830,påfølgende,adj,ADJ,following
2831,symbol,n,NOUN,symbol
2832,lansering,n,NOUN,launching
2833,e-postadresse,n,NOUN,email address
2834,isolere,v,VERB,isolate
2835,storskole,n,NOUN,
2836,makte,v,VERB,manage
2837,dekk,n,NOUN,deck
2838,desperat,adj,ADJ,desperate
2839,prosjektleder,n,NOUN,project manager
2840,riste,v,VERB,roast
2841,utskrift,n,NOUN,print-out
2842,uendelig,adj,ADJ,never-ending
2843,lønnsom,adj,ADJ,profitable
2844,europa,n,NOUN,Europe
2845,overskrift,n,NOUN,headline
2846,skitur,n,NOUN,skiing tour
2847,arabisk,adj,ADJ,Arabic
2848,kryss,n,NOUN,cross
2849,oppsøke,v,VERB,seek out
2850,desto,adv,ADV,all the better
2851,neve,n,NOUN,hand
2852,domstol,n,NOUN,court
2853,velkjent,adj,ADJ,well-known
2854,vandre,v,VERB,walk
2855,kopiere,v,VERB,copy
2856,oppslag,n,NOUN,publicity
2857,mistanke,n,NOUN,suspicion
2858,illustrere,v,VERB,illustrate
2859,fatt,adv,ADV,
2860,stikkord,n,NOUN,cue
2861,personlighet,n,NOUN,personality
2862,venstreside,n,NOUN,left side
2863,lår,n,NOUN,thigh
2864,passelig,adj,ADJ,fitting
2865,pose,n,NOUN,bag
2866,tolkning,n,NOUN,interpretation
2867,hjemland,n,NOUN,homeland
2868,herunder,adv,ADV,"including, below here"
2869,begå,v,VERB,commit
2870,tingrett,n,NOUN,
2871,peiling,n,NOUN,bearing
2872,høring,n,NOUN,hearing
2873,bydel,n,NOUN,neighbourhood
2874,overlate,v,VERB,leave
2875,skjul,n,NOUN,hiding place
2876,hjelpemiddel,n,NOUN,aid
2877,premiss,n,NOUN,condition
2878,mannlig,adj,ADJ,manly
2879,måke,n,NOUN,gull
2880,maleri,n,NOUN,painting
2881,revisjon,n,NOUN,audit
2882,lysløype,n,NOUN,lighted piste
2883,passende,adj,ADJ,fitting
2884,magisk,adj,ADJ,magic
2885,vakt,n,NOUN,guard
2886,useriøs,adj,ADJ,frivolous
2887,balansere,v,VERB,balance
2888,lager,n,NOUN,storeroom
2889,bensin,n,NOUN,petrol
2890,iallfall,adv,ADV,certainly
2891,kvinnfolk,n,NOUN,women
2892,beslutte,v,VERB,decide
2893,overtid,n,NOUN,overtime
2894,kullsyre,n,NOUN,carbon dioxide
2895,aggressiv,adj,ADJ,aggressive
2896,presisere,v,VERB,specify
2897,krabbe,n,NOUN,crab
2898,trivelig,adj,ADJ,pleasant
2899,fastslå,v,VERB,determine
2900,jevnlig,adv,ADV,often
2901,avklare,v,VERB,clarify
2902,redskap,n,NOUN,tool
2903,klin,adv,ADV,completely
2904,langsom,adj,ADJ,slow
2905,kjøpesenter,n,NOUN,shopping centre
2906,vern,n,NOUN,guard
2907,bedring,n,NOUN,improvement
2908,etikk,n,NOUN,ethic
2909,jukse,n,NOUN,hand line
2910,vesen,n,NOUN,being
2911,mobbing,n,NOUN,bullying
2912,jakke,n,NOUN,jacket
2913,tilværelse,n,NOUN,life
2914,søvn,n,NOUN,sleep
2915,hen,adv,ADV,
2916,krysse,v,VERB,cross
2917,arbeidsmarked,n,NOUN,labour market
2918,liknende,adj,ADJ,like
2919,langvarig,adj,ADJ,long-lasting
2920,dominere,v,VERB,dominate
2921,høstferie,n,NOUN,autumn holiday
2922,pub,n,NOUN,pub
2923,mør,adj,ADJ,tender
2924,hockey,n,NOUN,hockey
2925,innovasjon,n,NOUN,innovation
2926,nr.,n,NOUN,no.
2927,opera,n,NOUN,opera
2928,omvendt,adj,ADJ,reverse
2929,øve,v,VERB,practice
2930,prioritering,n,NOUN,priority
2931,halvdel,n,NOUN,half
2932,nysgjerrig,adj,ADJ,curious
2933,strek,n,NOUN,line
2934,sprang,n,NOUN,jump
2935,arkitektur,n,NOUN,architecture
2936,forbli,v,VERB,remain
2937,minus,n,NOUN,minus
2938,stikk,n,NOUN,plug
2939,utspill,n,NOUN,move
2940,katastrofe,n,NOUN,catastrophe
2941,profet,n,NOUN,prophet
2942,tilnærme,v,VERB,approach
2943,fatter,n,NOUN,"father, old man"
2944,kunstig,adj,ADJ,artificial
2945,rekruttering,n,NOUN,recruit
2946,forplikte,v,VERB,oblige
2947,ener,n,NOUN,one
2948,barndom,n,NOUN,childhood
2949,jammen,adv,ADV,indeed
2950,tenne,v,VERB,light
2951,meningsløs,adj,ADJ,meaningless
2952,indisk,adj,ADJ,Indian
2953,genial,adj,ADJ,ingenious
2954,utløse,v,VERB,provoke
2955,bar,adj,ADJ,bare
2956,danske,n,NOUN,Dane
2957,arbeidstid,n,NOUN,working hours
2958,spesialist,n,NOUN,specialist
2959,mellomrom,n,NOUN,space
2960,anke,v,VERB,complain
2961,juble,v,VERB,cheer
2962,skjønn,adj,ADJ,beautiful
2963,geografisk,adj,ADJ,geographical
2964,hyppig,adj,ADJ,often
2965,benke,v,VERB,bench
2966,betegne,v,VERB,calculate
2967,finansminister,n,NOUN,minister of finance
2968,begrave,v,VERB,bury
2969,regelmessig,adj,ADJ,regular
2970,banning,n,NOUN,cursing
2971,rykke,v,VERB,move
2972,takt,n,NOUN,time;tempo
2973,fredelig,adj,ADJ,peaceful
2974,nervøs,adj,ADJ,nervous
2975,romantisk,adj,ADJ,romantic
2976,vinkel,n,NOUN,angle
2977,lovende,adj,ADJ,promising
2978,kors,n,NOUN,cross
2979,vanke,adj,ADJ,frequent
2980,smule,n,NOUN,a bit
2981,gitar,n,NOUN,guitar
2982,avvikle,v,VERB,wind down
2983,frispark,n,NOUN,free kick
2984,port,n,NOUN,gate
2985,titte,v,VERB,look
2986,underlig,adj,ADJ,strange
2987,midtbane,n,NOUN,midfield
2988,finsk,adj,ADJ,Finnish
2989,håndtering,n,NOUN,handling
2990,tortur,n,NOUN,torture
2991,toroms,adj,ADJ,two-room
2992,arrangør,n,NOUN,organizer
2993,tisse,v,VERB,pee
2994,sjokk,n,NOUN,shock
2995,leppe,n,NOUN,lip
2996,flyte,v,VERB,float
2997,prinsipiell,adj,ADJ,"basic, fundamental, principal"
2998,avgang,n,NOUN,departure
2999,bekostning,n,NOUN,cost
3000,studiepoeng,n,NOUN,study point
3001,livsstil,n,NOUN,lifestyle
3002,spinne,n,NOUN,spin
3003,rote,v,VERB,rummage
3004,soss,n,NOUN,
3005,infeksjon,n,NOUN,infection
3006,unnskyldning,n,NOUN,apology
3007,snømann,n,NOUN,snowman
3008,kompis,n,NOUN,friend
3009,etterforskning,n,NOUN,research
3010,dynamisk,adj,ADJ,dynamic
3011,anslå,v,VERB,estimate
3012,utslag,n,NOUN,swing
3013,flue,n,NOUN,fly
3014,tenkning,n,NOUN,thinking
3015,hensiktsmessig,adj,ADJ,appropriate
3016,skiføre,n,NOUN,skiing conditions
3017,volum,n,NOUN,volume
3018,skål,n,NOUN,bowl
3019,skinne,v,VERB,shine
3020,streik,n,NOUN,strike
3021,nybegynner,n,NOUN,beginner
3022,bosette,v,VERB,settle
3023,pusse,v,VERB,polish
3024,tropp,n,NOUN,"troop, group, platoon"
3025,sprekke,v,VERB,crack
3026,idiot,n,NOUN,idiot
3027,belastning,n,NOUN,strain
3028,omkomme,v,VERB,die
3029,pytt,interj,INTERJ,never mind
3030,bursdag,n,NOUN,birthday
3031,sand,n,NOUN,sand
3032,overkant,n,NOUN,top edge
3033,plen,n,NOUN,lawn
3034,beboer,n,NOUN,inhabitant
3035,manus,n,NOUN,manuscript
3036,pil,n,NOUN,arrow
3037,orgasme,n,NOUN,orgasm
3038,oppsummering,n,NOUN,summing up
3039,jævlig,adj,ADJ,hellish
3040,orientering,n,NOUN,information
3041,indirekte,adj,ADJ,indirect
3042,tippeliga,n,NOUN,premier league
3043,oppkjøring,n,NOUN,run-up
3044,fengsle,v,VERB,imprison
3045,anklage,v,VERB,charge
3046,kopp,n,NOUN,cup
3047,overse,v,VERB,overlook
3048,handlingsplan,n,NOUN,action plan
3049,pårørende,adj,ADJ,next of kin
3050,tastatur,n,NOUN,keyboard
3051,menneskehet,n,NOUN,humankind
3052,mure,n,NOUN,cinquefoil
3053,helsevesen,n,NOUN,health sector
3054,fremheve,v,VERB,highlight
3055,komedie,n,NOUN,comedy
3056,innlede,v,VERB,introduce
3057,kamerat,n,NOUN,comrade
3058,avholdt,v,VERB,popular
3059,bønn,n,NOUN,prayer
3060,tøft,adj,ADJ,tough
3061,tysker,n,NOUN,German
3062,hvile,n,NOUN,rest
3063,fornye,v,VERB,renew
3064,fornybar,adj,ADJ,renewable
3065,estetisk,adj,ADJ,Estonian
3066,innover,prep,PREP,in over
3067,deriblant,adv,ADV,including
3068,imellom,prep,PREP,among
3069,plattform,n,NOUN,platform
3070,nyhetsbrev,n,NOUN,newsletter
3071,forsvarlig,adj,ADJ,justifiable
3072,speil,n,NOUN,game
3073,hi,n,NOUN,lair
3074,kjellerstue,n,NOUN,rumpus room
3075,halvannen,det,DET,one and a half
3076,kjele,n,NOUN,kettle
3077,målgruppe,n,NOUN,target group
3078,innside,n,NOUN,inside
3079,arbeidsledighet,n,NOUN,unemployment
3080,grave,v,VERB,dig
3081,løpende,adj,ADJ,continuous
3082,prestere,v,VERB,perform
3083,jævel,n,NOUN,devil
3084,optisk,adj,ADJ,optic
3085,liga,n,NOUN,league
3086,register,n,NOUN,register
3087,sjokolade,n,NOUN,chocolate
3088,påvirkning,n,NOUN,influence
3089,skam,n,NOUN,shame
3090,sjokkere,v,VERB,shock
3091,nedtur,n,NOUN,downturn
3092,dominerende,adj,ADJ,dominating
3093,slank,adj,ADJ,slim
3094,forlange,v,VERB,demand
3095,hes,adj,ADJ,hoarse
3096,fett,n,NOUN,fat
3097,gårsdag,n,NOUN,yesterday
3098,tåre,n,NOUN,tear
3099,grøt,n,NOUN,porridge
3100,gode,n,NOUN,good
3101,gjete,v,VERB,herd
3102,utfordrende,adj,ADJ,challenging
3103,vinge,n,NOUN,wing
3104,kast,n,NOUN,throw
3105,protein,n,NOUN,protein
3106,telt,n,NOUN,tent
3107,vell,adj,ADJ,well
3108,svangerskap,n,NOUN,pregnancy
3109,henvende,v,VERB,contact
3110,mote,n,NOUN,fashion
3111,svenske,n,NOUN,Swede
3112,forvirre,v,VERB,confuse
3113,universell,adj,ADJ,universal
3114,etterlyse,v,VERB,look for
3115,arsenal,n,NOUN,arsenal
3116,oppholde,v,VERB,keep
3117,høyesterett,n,NOUN,high court
3118,tilskuer,n,NOUN,audience
3119,urettferdig,adj,ADJ,unfair
3120,formidling,n,NOUN,dissemination
3121,danseskole,n,NOUN,dancing school
3122,psykologisk,adj,ADJ,psychological
3123,psykolog,n,NOUN,psychologist
3124,ideell,adj,ADJ,ideal
3125,serierunde,n,NOUN,series round
3126,regulering,n,NOUN,regulation
3127,forurensning,n,NOUN,pollution
3128,narkotika,n,NOUN,narcotics
3129,bedehus,n,NOUN,chapel
3130,pensum,n,NOUN,curriculum
3131,barnevakt,n,NOUN,nanny
3132,konsentrasjon,n,NOUN,concentration
3133,harddisk,n,NOUN,hard drive
3134,forståelig,adj,ADJ,understandable
3135,fryse,v,VERB,freeze
3136,årstall,n,NOUN,year
3137,korrupsjon,n,NOUN,corruption
3138,personangrep,n,NOUN,personal attack
3139,hai,n,NOUN,shark
3140,show,n,NOUN,show
3141,afrika,n,NOUN,Africa
3142,omsette,v,VERB,sell
3143,nettleser,n,NOUN,browser
3144,lyve,v,VERB,lie
3145,friluftsliv,n,NOUN,outdoor life
3146,rasjonell,adj,ADJ,rational
3147,kvadratmeter,n,NOUN,square meter
3148,generalforsamling,n,NOUN,general assembly
3149,utallig,adj,ADJ,many
3150,velferd,n,NOUN,welfare
3151,brygge,v,VERB,brew
3152,vaktmester,n,NOUN,guard
3153,beregning,n,NOUN,calculation
3154,steg,n,NOUN,pace
3155,utedo,n,NOUN,privy
3156,leir,n,NOUN,camp
3157,underetasje,n,NOUN,lower floor
3158,lande,v,VERB,arrive
3159,anvende,v,VERB,use
3160,kostbar,adj,ADJ,costly
3161,akademisk,adj,ADJ,academic
3162,gjengi,v,VERB,reproduce
3163,hakk,n,NOUN,nick
3164,argumentasjon,n,NOUN,argument
3165,krangle,v,VERB,fight
3166,treff,n,NOUN,meeting
3167,utøver,n,NOUN,performer
3168,oppdretter,n,NOUN,breeder
3169,tømme,v,VERB,empty
3170,appell,n,NOUN,appeal
3171,kabel,n,NOUN,cable
3172,bombe,n,NOUN,bomb
3173,passasjer,n,NOUN,passenger
3174,bølge,n,NOUN,wave
3175,sult,n,NOUN,hunger
3176,sommerferie,n,NOUN,summer holiday
3177,dokumentar,n,NOUN,document
3178,oppførsel,n,NOUN,behaviour
3179,stortingsvalg,n,NOUN,parliamentary election
3180,referat,n,NOUN,minutes
3181,pågående,adj,ADJ,ongoing
3182,smøre,v,VERB,oil
3183,kommisjon,n,NOUN,commission
3184,småting,n,NOUN,trifles
3185,oppslutning,n,NOUN,support
3186,småbruk,n,NOUN,small holding
3187,slalåmbakke,n,NOUN,slalom hill
3188,oppå,prep,PREP,on top
3189,sti,n,NOUN,path
3190,skråning,n,NOUN,slope
3191,uønsket,adj,ADJ,unwanted
3192,overvåking,n,NOUN,monitoring
3193,slitsom,adj,ADJ,tiring
3194,kake,n,NOUN,cake
3195,sinna,adj,ADJ,angry
3196,brukbar,adj,ADJ,useable
3197,matvare,n,NOUN,food
3198,ideologisk,adj,ADJ,ideological
3199,sag,n,NOUN,saw
3200,strategisk,adj,ADJ,strategic
3201,boligmarked,n,NOUN,property market
3202,lyse,v,VERB,light
3203,rundkjøring,n,NOUN,roundabout
3204,annonsere,v,VERB,advertise
3205,inflasjon,n,NOUN,inflation
3206,separat,adj,ADJ,separately
3207,skyve,v,VERB,push
3208,hinder,n,NOUN,hinder
3209,skyldig,adj,ADJ,guilty
3210,onkel,n,NOUN,uncle
3211,verdig,adj,ADJ,deserving
3212,halvtime,n,NOUN,half-hour
3213,offentlighet,n,NOUN,public
3214,astma,n,NOUN,asthma
3215,fredspris,n,NOUN,peace prize
3216,akutt,n,NOUN,emergency department
3217,frustrere,v,VERB,frustrate
3218,betegnelse,n,NOUN,name
3219,østre,adj,ADJ,eastern
3220,forelesning,n,NOUN,lecture
3221,forestille,v,VERB,imagine
3222,ektemann,n,NOUN,husband
3223,verksted,n,NOUN,workshop
3224,anerkjenne,v,VERB,acknowledge
3225,smal,adj,ADJ,narrow
3226,uventet,adj,ADJ,unexpected
3227,bevilge,v,VERB,grant
3228,fylkesrådmannen,n,NOUN,county governor
3229,motsette,v,VERB,object
3230,teppe,n,NOUN,carpet
3231,aksjonær,n,NOUN,shareholder
3232,moden,adj,ADJ,ripe
3233,begrenset,adj,ADJ,limited
3234,jeger,n,NOUN,hunter
3235,ild,n,NOUN,fire
3236,blev,n,NOUN,became
3237,grunnlov,n,NOUN,constitution
3238,smør,n,NOUN,butter
3239,underholdende,adj,ADJ,entertaining
3240,innsyn,n,NOUN,insight
3241,tankegang,n,NOUN,way of thinking
3242,utfall,n,NOUN,result
3243,beskylde,v,VERB,accuse
3244,innblikk,n,NOUN,insight
3245,frakte,v,VERB,transport
3246,sjanger,n,NOUN,genre
3247,lærerskole,n,NOUN,teacher training college
3248,tilnærming,n,NOUN,approximation
3249,duell,n,NOUN,duel
3250,dagsorden,n,NOUN,agenda
3251,kor,n,NOUN,choir
3252,gledelig,adj,ADJ,joyous
3253,klemme,v,VERB,squeeze
3254,referere,v,VERB,quote
3255,sinne,n,NOUN,temper
3256,installasjon,n,NOUN,installation
3257,fotballspiller,n,NOUN,football player
3258,stillhet,n,NOUN,quiet
3259,islamsk,adj,ADJ,Islamic
3260,ethvert,adv,ADV,any
3261,opphav,n,NOUN,ancestor
3262,følgelig,adv,ADV,therefore
3263,karneval,n,NOUN,carnival
3264,dempe,v,VERB,dampen
3265,demonstrere,v,VERB,demonstrate
3266,identisk,adj,ADJ,identical
3267,kritiker,n,NOUN,critic
3268,kommunestyre,n,NOUN,municipality
3269,gigantisk,adj,ADJ,gigantic
3270,skitten,adj,ADJ,dirty
3271,hyttetur,n,NOUN,trip to a cabin
3272,lagring,n,NOUN,storage
3273,akseptabel,adj,ADJ,acceptable
3274,vie,v,VERB,marry
3275,intellektuell,adj,ADJ,intellectual
3276,hoppbakke,n,NOUN,jumping hill
3277,bind,n,NOUN,volume
3278,ris,n,NOUN,rice
3279,styremedlem,n,NOUN,board member
3280,spredning,n,NOUN,spreading
3281,intelligent,adj,ADJ,intelligent
3282,innledning,n,NOUN,introduction
3283,gjengjeld,n,NOUN,repayment
3284,service,n,NOUN,service
3285,hauk,n,NOUN,hawk
3286,herfra,adv,ADV,from here
3287,seer,n,NOUN,viewer
3288,manager,n,NOUN,manager
3289,hoff,n,NOUN,court
3290,dybde,n,NOUN,depth
3291,ånd,n,NOUN,spirit
3292,naiv,adj,ADJ,naive
3293,grind,n,NOUN,gate
3294,rehabilitering,n,NOUN,rehabilitation
3295,grille,n,NOUN,whim
3296,utelukke,v,VERB,exclude
3297,toalett,n,NOUN,toilet
3298,arbeidsmiljø,n,NOUN,working environment
3299,fritidsklubb,n,NOUN,youth club
3300,plast,n,NOUN,plastic
3301,fridag,n,NOUN,holiday
3302,bråk,n,NOUN,noise
3303,klassiker,n,NOUN,classic
3304,fotballag,n,NOUN,football team
3305,kafé,n,NOUN,cafe
3306,nøytral,adj,ADJ,neutral
3307,instruktør,n,NOUN,director
3308,fotografi,n,NOUN,photographer
3309,usynlig,adj,ADJ,invisible
3310,hodepine,n,NOUN,headache
3311,avgi,v,VERB,emit
3312,os,n,NOUN,strong odour
3313,femtende,adj,ADJ,fifteenth
3314,oversettelse,n,NOUN,translation
3315,lisens,n,NOUN,license
3316,anmelder,n,NOUN,reviewer
3317,farte,v,VERB,travel
3318,tilsette,v,VERB,add
3319,bad,n,NOUN,bath
3320,tomt,n,NOUN,"site, plot"
3321,hundrevis,adv,ADV,in the hundreds
3322,linke,v,VERB,link
3323,agenda,n,NOUN,agenda
3324,espresso,n,NOUN,espresso
3325,påføre,v,VERB,enter
3326,fylkesmann,n,NOUN,county governor
3327,drue,n,NOUN,grape
3328,hopp,n,NOUN,hop
3329,adferd,n,NOUN,behaviour
3330,skuespill,n,NOUN,play
3331,debut,n,NOUN,debut
3332,nord,n,NOUN,north
3333,feber,n,NOUN,fever
3334,rasistisk,adj,ADJ,racist
3335,feiring,n,NOUN,celebration
3336,erkjenne,v,VERB,acknowledge
3337,megler,n,NOUN,mediator
3338,digge,v,VERB,dig
3339,brødskive,n,NOUN,slice of bread
3340,fyll,n,NOUN,drinking
3341,brannmann,n,NOUN,fireman
3342,dusj,n,NOUN,shower
3343,klipp,n,NOUN,cliff
3344,bortenfor,prep,PREP,beyond
3345,rettferdighet,n,NOUN,justice
3346,tilrettelegging,n,NOUN,planning
3347,filosofisk,adj,ADJ,philosophical
3348,bergenser,n,NOUN,person from Bergen
3349,låte,v,VERB,let
3350,terningkast,n,NOUN,throw of dice
3351,snike,v,VERB,delay
3352,barndomshjem,n,NOUN,childhood home
3353,lovverk,adj,ADJ,legislation
3354,tjue,det,DET,twenty
3355,underlegge,v,VERB,subject
3356,ufattelig,adj,ADJ,incomprehensible
3357,kjøleskap,n,NOUN,fridge
3358,fagområde,n,NOUN,area of expertise
3359,lade,v,VERB,let
3360,jordbruk,n,NOUN,farming
3361,illustrasjon,n,NOUN,illustration
3362,ah,interj,INTERJ,ahh
3363,pizza,n,NOUN,pizza
3364,litterær,adj,ADJ,literary
3365,volleyball,n,NOUN,volleyball
3366,meg,pron,PRON,me
3367,skoleår,n,NOUN,school year
3368,voldelig,adj,ADJ,violent
3369,prosentpoeng,n,NOUN,percent
3370,kjør,n,NOUN,drive
3371,fond,n,NOUN,fund
3372,overvekt,n,NOUN,overweight
3373,vestover,n,NOUN,westwards
3374,formue,n,NOUN,wealth
3375,varsel,n,NOUN,warning
3376,fangst,n,NOUN,catch
3377,alliert,adj,ADJ,allied
3378,vane,n,NOUN,habit
3379,kul,adj,ADJ,fun
3380,spørres,v,VERB,be asked
3381,gris,n,NOUN,pig
3382,image,adv,ADV,
3383,innpå,prep,PREP,in on
3384,medlemsland,n,NOUN,member state
3385,ungkar,n,NOUN,bachelor
3386,borti,prep,PREP,against
3387,funksjonshemmet,adj,ADJ,disabled
3388,passord,n,NOUN,password
3389,klasserom,n,NOUN,classroom
3390,forsinke,v,VERB,delay
3391,demonstrasjon,n,NOUN,demonstration
3392,trener,n,NOUN,trainer
3393,økt,n,NOUN,shift
3394,trehus,n,NOUN,tree house
3395,skjerpe,v,VERB,sharpen
3396,levering,n,NOUN,delivery
3397,oppsiktsvekkende,adj,ADJ,sensational
3398,slipp,n,NOUN,
3399,praktisere,v,VERB,practice
3400,dåp,n,NOUN,baptism
3401,tømmer,n,NOUN,timber
3402,filme,v,VERB,film
3403,teater,n,NOUN,theatre
3404,studieår,n,NOUN,study year
3405,åpenhet,n,NOUN,openness
3406,noenlunde,adv,ADV,somewhat
3407,elleve,det,DET,eleven
3408,selvtillit,n,NOUN,confidence
3409,tatovering,n,NOUN,tattoo
3410,rekkefølge,n,NOUN,sequence
3411,samtykke,n,NOUN,agreement
3412,uavgjort,adj,ADJ,drawn
3413,bomme,v,VERB,"miss, scrounge"
3414,sykkelsti,n,NOUN,bicycle track
3415,blogginnlegg,n,NOUN,blog
3416,svigerdatter,n,NOUN,daughter in law
3417,ap,n,NOUN,fun
3418,gresk,adj,ADJ,Greek
3419,celle,n,NOUN,cell
3420,storby,n,NOUN,big city
3421,pensjonist,n,NOUN,pensioner
3422,tilsende,v,VERB,dispatch
3423,undervise,v,VERB,teach
3424,pop,n,NOUN,pop
3425,springe,v,VERB,jump
3426,troverdig,adj,ADJ,believable
3427,megapiksel,n,NOUN,megapixel
3428,søsken,n,NOUN,siblings
3429,rede,n,NOUN,nest
3430,skandale,n,NOUN,scandal
3431,master,n,NOUN,master
3432,snøballkrig,n,NOUN,snowball fight
3433,nød,n,NOUN,need
3434,snever,adj,ADJ,narrow
3435,stiftelse,n,NOUN,establishment
3436,snål,adj,ADJ,odd
3437,jernbane,n,NOUN,railway
3438,søkelys,n,NOUN,search light
3439,slang,n,NOUN,slang
3440,arbeidsgruppe,n,NOUN,working group
3441,mesterskap,n,NOUN,championship
3442,skravle,v,VERB,chat
3443,skive,n,NOUN,slice
3444,skjorte,n,NOUN,shirt
3445,etterfølge,v,VERB,succeed
3446,skiløype,n,NOUN,piste
3447,sammensetning,n,NOUN,composition
3448,ensom,adj,ADJ,"lonely, alone"
3449,omsider,adv,ADV,finally
3450,boligpris,n,NOUN,price of housing
3451,business,n,NOUN,business
3452,lagmannsrett,n,NOUN,court of appeal
3453,inngrep,n,NOUN,intervention
3454,sjarmere,v,VERB,charm
3455,mannskap,n,NOUN,manpower
3456,innlogget,v,VERB,logged in
3457,innhente,v,VERB,gather
3458,rulleskøyte,n,NOUN,roller-skates
3459,angivelig,adj,ADJ,ostensible
3460,rotte,n,NOUN,rat
3461,lommebok,n,NOUN,pocketbook
3462,opplagt,adj,ADJ,obvious
3463,diskriminering,n,NOUN,discrimination
3464,riksvei,n,NOUN,classified road
3465,forlenge,v,VERB,extend
3466,samarbeidspartner,n,NOUN,partner
3467,restaurere,n,NOUN,restore
3468,veileder,n,NOUN,guide
3469,pynte,v,VERB,decorate
3470,språklig,adj,ADJ,linguistic
3471,farvel,n,NOUN,goodbye
3472,lokke,v,VERB,lure
3473,verne,v,VERB,protect
3474,isteden,adv,ADV,instead
3475,konstatere,v,VERB,realise
3476,korn,n,NOUN,grain
3477,lomme,n,NOUN,pocket
3478,overside,n,NOUN,upper side
3479,fristende,adj,ADJ,tempting
3480,overnatte,v,VERB,stay the night
3481,aksjemarked,n,NOUN,share market
3482,atter,adv,ADV,again
3483,kongelig,adj,ADJ,royal
3484,utside,n,NOUN,outside
3485,lukt,n,NOUN,smell
3486,allianse,n,NOUN,alliance
3487,oppigjennom,adj,ADJ,up through
3488,syvende,adj,ADJ,seventh
3489,optimistisk,adj,ADJ,optimistic
3490,varierende,adj,ADJ,varying
3491,konsernsjef,n,NOUN,CEO
3492,gjennomgående,adj,ADJ,thorough
3493,misbruk,n,NOUN,misuse
3494,dr.,n,NOUN,dr.
3495,diesel,n,NOUN,diesel
3496,krok,n,NOUN,hook
3497,hektisk,adj,ADJ,hectic
3498,motorvei,n,NOUN,motorway
3499,offshore,n,NOUN,off-shore
3500,krets,n,NOUN,circle
3501,tilgjengelighet,n,NOUN,accessibility
3502,drite,v,VERB,shit
3503,melkeku,n,NOUN,milking cow
3504,stifte,v,VERB,establish
3505,respektiv,adj,ADJ,respective
3506,summe,v,VERB,sum
3507,tråkke,v,VERB,tread
3508,strømme,v,VERB,stream
3509,anvendelse,n,NOUN,use
3510,postboks,n,NOUN,post box
3511,pund,n,NOUN,pound
3512,ljå,n,NOUN,scythe
3513,opprinnelse,n,NOUN,origination
3514,ost,n,NOUN,cheese
3515,prins,n,NOUN,prince
3516,opprør,n,NOUN,revolt
3517,frata,v,VERB,deprive of
3518,absurd,adj,ADJ,absurd
3519,fæl,adj,ADJ,nasty
3520,oppgradere,v,VERB,upgrade
3521,bade,v,VERB,bathe
3522,toppe,v,VERB,top
3523,mellomtid,n,NOUN,meantime
3524,sammenhengende,adj,ADJ,connecting
3525,kull,n,NOUN,brood
3526,blodig,adj,ADJ,bloody
3527,kontant,adj,ADJ,cash
3528,krem,n,NOUN,cream
3529,ritt,n,NOUN,ride
3530,utdelte,v,VERB,distribute
3531,fysikk,n,NOUN,physics
3532,sykehjem,n,NOUN,hospital
3533,passiv,adj,ADJ,passive
3534,matt,adj,ADJ,faint
3535,bredbånd,n,NOUN,broadband
3536,innfri,v,VERB,redeem
3537,kjempekoselig,adj,ADJ,very funny
3538,kompleks,adj,ADJ,complex
3539,kjempegrei,adj,ADJ,very good
3540,flaks,n,NOUN,luck
3541,aspekt,n,NOUN,aspect
3542,gjette,v,VERB,guess
3543,personell,n,NOUN,personnel
3544,skjønt,conj,CONJ,although
3545,sovne,v,VERB,fall asleep
3546,turnering,n,NOUN,tournament
3547,flokk,n,NOUN,flock
3548,derved,adv,ADV,thereby
3549,semifinale,n,NOUN,semi-final
3550,jålete,adj,ADJ,vain
3551,folkens,n,NOUN,mess
3552,jæklig,adj,ADJ,
3553,genetisk,adj,ADJ,genetic
3554,dressur,n,NOUN,training
3555,ishockey,n,NOUN,ice hockey
3556,stolpe,n,NOUN,pole
3557,videreutvikle,v,VERB,further develop
3558,disposisjon,n,NOUN,outline
3559,monitor,n,NOUN,monitor
3560,bestefar,n,NOUN,grandfather
3561,general,n,NOUN,general
3562,kap.,n,NOUN,chapter
3563,skala,n,NOUN,scale
3564,lokalsamfunn,n,NOUN,local community
3565,omstridt,adv,ADV,disputed
3566,distribusjon,n,NOUN,distribution
3567,borger,n,NOUN,citizen
3568,make,n,NOUN,spouse
3569,hette,n,NOUN,hood
3570,depresjon,n,NOUN,depression
3571,herlighet,interj,INTERJ,glory
3572,vassdrag,n,NOUN,water system
3573,provosere,v,VERB,provoke
3574,konsesjon,n,NOUN,concession
3575,mottaker,n,NOUN,recipient
3576,oppgradering,n,NOUN,upgrade
3577,represalie,n,NOUN,reprisal
3578,løper,n,NOUN,runner
3579,grisehus,n,NOUN,pigsty
3580,ty,v,VERB,seek
3581,gjemsel,n,NOUN,hideout
3582,shopping,n,NOUN,shopping
3583,kontra,prep,PREP,contra
3584,dødelig,adj,ADJ,deadly
3585,international,adj,ADJ,international
3586,opprettelse,n,NOUN,establishment
3587,pepper,v,VERB,pepper
3588,okkupasjon,n,NOUN,occupation
3589,stelle,v,VERB,place
3590,friår,n,NOUN,sabbatical
3591,ordre,n,NOUN,order
3592,revolusjonær,n,NOUN,revolutionary
3593,forbilde,n,NOUN,ideal
3594,fôr,n,NOUN,
3595,fjord,n,NOUN,fjord
3596,innendørs,adj,ADJ,indoor
3597,supporter,n,NOUN,supporter
3598,veie,v,VERB,weigh
3599,forkjølet,v,VERB,have a cold
3600,bruker,n,NOUN,user
3601,oppvekst,n,NOUN,childhood
3602,trailer,n,NOUN,trailer
3603,fløte,n,NOUN,cream
3604,akademiker,n,NOUN,academic
3605,bestilling,n,NOUN,order
3606,finte,v,VERB,bully
3607,smelte,v,VERB,melt
3608,arbeidstilsyn,n,NOUN,labour inspection
3609,ørret,n,NOUN,brown trout
3610,revidere,v,VERB,revise
3611,stramme,v,VERB,tighten
3612,tante,n,NOUN,aunt
3613,innstille,v,VERB,tune
3614,abonnement,n,NOUN,subscription
3615,slikke,v,VERB,lick
3616,pågripe,v,VERB,catch
3617,hurtig,adj,ADJ,fast
3618,røpe,v,VERB,shout
3619,uregistrert,adj,ADJ,not registered
3620,helsepersonell,n,NOUN,health personnel
3621,herregud,interj,INTERJ,really
3622,dokk,n,NOUN,dock
3623,utkast,n,NOUN,proposal
3624,defensiv,adj,ADJ,defensive
3625,spekulasjon,n,NOUN,speculation
3626,henvisning,n,NOUN,referral
3627,byggefelt,n,NOUN,development
3628,jury,n,NOUN,jury
3629,tillitsvalgt,n,NOUN,representative
3630,bukse,n,NOUN,trouser
3631,budeie,n,NOUN,milkmaid
3632,jepp,interj,INTERJ,yeah
3633,innimellom,prep,PREP,from time to time
3634,brøyte,n,NOUN,plough
3635,plagsom,adj,ADJ,troublesome
3636,bridge,n,NOUN,bridge
3637,ståsted,n,NOUN,point of view
3638,selvfølge,n,NOUN,matter of course
3639,brakke,n,NOUN,hut
3640,redd,adj,ADJ,afraid
3641,bråke,v,VERB,make a noise
3642,anmelde,v,VERB,report
3643,børse,n,NOUN,gun
3644,hjertelig,adj,ADJ,heartfelt
3645,bondeland,n,NOUN,countryside
3646,seksualitet,n,NOUN,sexuality
3647,krype,v,VERB,crawl
3648,gjennomslag,n,NOUN,support
3649,varsling,n,NOUN,warning
3650,konsekvent,adj,ADJ,consistent
3651,beite,n,NOUN,pasture
3652,mekanisk,adj,ADJ,mechanical
3653,begeistre,v,VERB,inspire
3654,gyldig,adj,ADJ,valid
3655,konsulent,n,NOUN,consultant
3656,balltre,n,NOUN,bat
3657,betraktelig,adj,ADJ,considerable
3658,porsjon,n,NOUN,portion
3659,enkeltperson,n,NOUN,individual
3660,funksjonalitet,n,NOUN,functionality
3661,urolig,adj,ADJ,worried
3662,allé,n,NOUN,avenue
3663,sport,n,NOUN,sport
3664,utendørs,adj,ADJ,outdoor
3665,samhandling,n,NOUN,trade
3666,anerkjent,adj,ADJ,approved
3667,venteliste,n,NOUN,waiting list
3668,komité,n,NOUN,committee
3669,høyreside,n,NOUN,right side
3670,drøye,v,VERB,make something last
3671,ideal,n,NOUN,ideal
3672,helsetjeneste,n,NOUN,health service
3673,nordmann,n,NOUN,Norwegian
3674,vedde,v,VERB,wager
3675,underliggende,adj,ADJ,underlying
3676,varmekabel,n,NOUN,heater cable
3677,døpe,v,VERB,baptise
3678,due,n,NOUN,dove
3679,kalori,n,NOUN,calorie
3680,utenat,adv,ADV,by heart
3681,eple,n,NOUN,apple
3682,usunn,adj,ADJ,unhealthy
3683,gjensidig,adj,ADJ,mutual
3684,undulat,n,NOUN,budgie
3685,logikk,n,NOUN,logic
3686,tyggegummi,n,NOUN,chewing gum
3687,ingrediens,n,NOUN,ingredient
3688,skaper,n,NOUN,creator
3689,tusle,n,NOUN,shuffle
3690,pakistansk,adj,ADJ,Pakistani
3691,tun,n,NOUN,tuna
3692,kreativitet,n,NOUN,creativity
3693,resterende,adj,ADJ,remaining
3694,bakside,n,NOUN,reverse
3695,objekt,n,NOUN,object
3696,skjær,n,NOUN,reef
3697,odds,n,NOUN,odds
3698,gudstjeneste,n,NOUN,service
3699,kortsiktig,adj,ADJ,short-sighted
3700,voldtekt,n,NOUN,rape
3701,fusjon,n,NOUN,fusion
3702,sportslig,n,NOUN,sporty
3703,storefri,adj,ADJ,
3704,lønning,n,NOUN,wages
3705,samfunnsmessig,adj,ADJ,societal
3706,fordom,n,NOUN,prejudice
3707,abort,n,NOUN,abortion
3708,avdød,adj,ADJ,dead
3709,spiker,n,NOUN,nail
3710,importere,v,VERB,import
3711,sving,n,NOUN,swing
3712,suveren,adj,ADJ,supreme
3713,enestående,adj,ADJ,exceptional
3714,perle,n,NOUN,pearl
3715,tidsrom,n,NOUN,time
3716,terrorisme,n,NOUN,terrorism
3717,føring,n,NOUN,
3718,snor,n,NOUN,string
3719,usedvanlig,adj,ADJ,unusual
3720,snøhule,n,NOUN,snow cave
3721,fremgang,n,NOUN,progress
3722,smågutt,n,NOUN,little boy
3723,tryne,n,NOUN,mug
3724,skuff,n,NOUN,drawer
3725,formulere,v,VERB,formulate
3726,integrering,n,NOUN,integratation
3727,grafisk,adj,ADJ,graphic
3728,karbohydrat,n,NOUN,carbohydrate
3729,sklie,n,NOUN,slide
3730,flukt,n,NOUN,escape
3731,sulten,adj,ADJ,hungry
3732,skjærgård,n,NOUN,skerries
3733,overvektig,adj,ADJ,overweight
3734,ideologi,n,NOUN,ideology
3735,solidaritet,n,NOUN,solidarity
3736,siviltjeneste,n,NOUN,compulsory civil national service
3737,kommunist,n,NOUN,Communist
3738,vennskap,n,NOUN,friendship
3739,bokstavelig,adj,ADJ,literal
3740,sentralskole,n,NOUN,
3741,bestemor,n,NOUN,grandmother
3742,klode,n,NOUN,planet
3743,maktmisbruk,n,NOUN,abuse of power
3744,sirkel,n,NOUN,circle
3745,sovjetunionen,n,NOUN,Soviet Union
3746,frigjøre,v,VERB,free
3747,rype,n,NOUN,grouse
3748,sekretær,n,NOUN,secretary
3749,hovedrolle,n,NOUN,leading part
3750,nerve,n,NOUN,nerve
3751,svelge,v,VERB,swallow
3752,ventetid,n,NOUN,waiting time
3753,oppdrett,n,NOUN,breeding
3754,klarere,v,VERB,clear
3755,fagfolk,n,NOUN,experts
3756,diger,adj,ADJ,big
3757,håndball,n,NOUN,handball
3758,enslig,adj,ADJ,solitary
3759,ironisk,adj,ADJ,ironic
3760,svi,v,VERB,deceit
3761,drivstoff,n,NOUN,fuel
3762,hovedperson,n,NOUN,protagonist
3763,motivere,v,VERB,motivate
3764,dumping,n,NOUN,dumping
3765,influensa,n,NOUN,influenza
3766,bær,n,NOUN,berry
3767,plakat,n,NOUN,poster
3768,ektepar,n,NOUN,married couple
3769,klappe,v,VERB,clap
3770,punktum,n,NOUN,full stop
3771,pakk,n,NOUN,baggage
3772,kjennetegne,v,VERB,characterise
3773,karakterisere,v,VERB,characterise
3774,forfølge,v,VERB,pursue
3775,metall,n,NOUN,metal
3776,minimal,adj,ADJ,minimal
3777,skepsis,n,NOUN,scepticism
3778,debattant,n,NOUN,debater
3779,kylling,n,NOUN,chicken
3780,folkelig,adj,ADJ,popular
3781,forbehold,n,NOUN,reservation
3782,verdiskaping,n,NOUN,creation of wealth
3783,prinsesse,n,NOUN,princess
3784,stipend,n,NOUN,grant
3785,garasje,n,NOUN,garage
3786,bevilgning,n,NOUN,grant
3787,skall,n,NOUN,shell
3788,stilig,adj,ADJ,stylish
3789,bro,n,NOUN,bridge
3790,forberedelse,n,NOUN,preparation
3791,hasj,n,NOUN,hash
3792,påmelding,n,NOUN,report
3793,royal,n,NOUN,royal
3794,overdrive,v,VERB,exaggerate
3795,lesning,n,NOUN,reading
3796,giftig,adj,ADJ,poison
3797,sort,n,NOUN,sort
3798,anerkjennelse,n,NOUN,acknowledgement
3799,hiv,n,NOUN,HIV
3800,jævla,adj,ADJ,bloody
3801,tidvis,adv,ADV,sometimes
3802,tablett,n,NOUN,tablet
3803,mareritt,n,NOUN,nightmare
3804,overholde,v,VERB,keep
3805,svømme,v,VERB,swim
3806,mandat,n,NOUN,mandate
3807,duke,n,NOUN,set a table
3808,eksistens,n,NOUN,existence
3809,stasjon,n,NOUN,station
3810,opparbeide,v,VERB,build up
3811,eierskap,n,NOUN,ownership
3812,lekekamerat,n,NOUN,playmate
3813,oppbevare,v,VERB,store
3814,ingeniør,n,NOUN,engineer
3815,oransje,adj,ADJ,orange
3816,forbrytelse,n,NOUN,crime
3817,lerret,n,NOUN,canvas
3818,markering,n,NOUN,marking
3819,utsatt,adj,ADJ,postponed
3820,eiendel,n,NOUN,property
3821,stabel,n,NOUN,stack
3822,kommode,n,NOUN,dresser
3823,utmerket,adj,ADJ,excellent
3824,kødd,n,NOUN,meat
3825,duft,n,NOUN,smell
3826,knote,v,VERB,speak affectedly
3827,troende,adj,ADJ,believing
3828,kjempedeilig,adj,ADJ,very nice
3829,nikke,v,VERB,nod
3830,representativ,adj,ADJ,representative
3831,nm,n,NOUN,nm
3832,medhold,n,NOUN,agreement
3833,kapell,n,NOUN,chapel
3834,beretning,n,NOUN,report
3835,kanon,n,NOUN,cannon
3836,klø,v,VERB,itch
3837,kanin,n,NOUN,rabbit
3838,fyre,v,VERB,dismiss
3839,livssyn,n,NOUN,opinion
3840,back,n,NOUN,back
3841,arbeidsoppgave,n,NOUN,task
3842,løslate,v,VERB,release
3843,omgi,v,VERB,surround
3844,interrail,n,NOUN,interrail
3845,statsråd,n,NOUN,cabinet meeting
3846,internat,n,NOUN,hall of residence
3847,import,n,NOUN,import
3848,komponent,n,NOUN,component
3849,skribent,n,NOUN,writer
3850,brekke,v,VERB,break
3851,høyblokk,n,NOUN,high-rise block
3852,oppkjøp,n,NOUN,purchase
3853,minister,n,NOUN,minister
3854,kjede,v,VERB,chain
3855,mini,adj,ADJ,mini
3856,pike,n,NOUN,girl
3857,ekkel,adj,ADJ,vile
3858,innvirkning,n,NOUN,effect
3859,ypperlig,adj,ADJ,splendid
3860,skildre,v,VERB,describe
3861,søppel,n,NOUN,rubbish
3862,handelsskole,n,NOUN,business college
3863,rettslig,adj,ADJ,legal
3864,desidert,adj,ADJ,decided
3865,hå,interj,INTERJ,hah
3866,tyngde,n,NOUN,weight
3867,gryte,n,NOUN,pot
3868,voldta,v,VERB,rape
3869,dispensasjon,n,NOUN,dispensation
3870,herske,v,VERB,rule
3871,kjøretøy,n,NOUN,vehicle
3872,urimelig,adj,ADJ,unfair
3873,gatespråk,n,NOUN,vulgar language
3874,årevis,adv,ADV,for years
3875,kommunisme,n,NOUN,Communism
3876,evangelium,n,NOUN,gospel
3877,tele,n,NOUN,ground frost
3878,indikasjon,n,NOUN,indication
3879,invitasjon,n,NOUN,invitation
3880,forvalte,v,VERB,administrate
3881,viktighet,n,NOUN,importance
3882,formulering,n,NOUN,formulation
3883,sensor,n,NOUN,censor
3884,programleder,n,NOUN,programme manager
3885,ukentlig,adj,ADJ,weekly
3886,stål,n,NOUN,steel
3887,brå,adj,ADJ,rough
3888,statistisk,adj,ADJ,statistical
3889,frustrasjon,n,NOUN,frustration
3890,stortingsrepresentant,n,NOUN,member of parliament
3891,autoritet,n,NOUN,authority
3892,nedlegge,v,VERB,close down
3893,enebarn,n,NOUN,only child
3894,utenfra,prep,PREP,from outside
3895,gående,adj,ADJ,walking
3896,utro,adj,ADJ,unfaithful
3897,daværende,adj,ADJ,at the time
3898,katalog,n,NOUN,catalogue
3899,våken,adj,ADJ,awake
3900,bål,n,NOUN,bonfire
3901,helikopter,n,NOUN,helicopter
3902,sykefravær,n,NOUN,absence due to illness
3903,campingvogn,n,NOUN,caravan
3904,godkjent,adj,ADJ,approved
3905,brille,n,NOUN,glasses
3906,kr,v,VERB,NOK
3907,bowling,n,NOUN,bowling
3908,ros,n,NOUN,praise
3909,hold,n,NOUN,"stich, spasm, firmness"
3910,blond,adj,ADJ,blond
3911,blodtrykk,n,NOUN,blood pressure
3912,velte,v,VERB,overturn
3913,blid,adj,ADJ,gentle
3914,eksotisk,adj,ADJ,exotic
3915,romme,v,VERB,accommodate
3916,fremragende,adj,ADJ,excellent
3917,fascinere,v,VERB,fascinate
3918,sats,n,NOUN,rate
3919,bekken,n,NOUN,bedpan
3920,mang,det,DET,many
3921,psykiatrisk,adj,ADJ,psychiatric
3922,slekt,n,NOUN,family
3923,båttur,n,NOUN,boat trip
3924,innad,adv,ADV,inwards
3925,fore,v,VERB,
3926,styremøte,n,NOUN,steering meeting
3927,bamse,n,NOUN,teddy bear
3928,font,n,NOUN,font
3929,knallhard,adj,ADJ,really hard
3930,bakpå,prep,PREP,behind
3931,hurra,interj,INTERJ,hurrah
3932,utnyttelse,n,NOUN,use
3933,bagasjerom,n,NOUN,boot
3934,direktiv,n,NOUN,directive
3935,mester,n,NOUN,master
3936,jazz,n,NOUN,jazz
3937,ekstraordinær,adj,ADJ,extraordinary
3938,deg,pron,PRON,you
3939,kompetent,adj,ADJ,competent
3940,erkjennelse,n,NOUN,acknowledgement
3941,stirre,v,VERB,stare
3942,subjektiv,adj,ADJ,subjective
3943,slakte,v,VERB,slaughter
3944,påmeldt,adj,ADJ,reported
3945,affære,n,NOUN,affair
3946,rense,v,VERB,clean
3947,måne,n,NOUN,moon
3948,vodka,n,NOUN,vodka
3949,tilfeldigvis,adv,ADV,accidentally
3950,vitnemål,n,NOUN,testimony
3951,uhyre,n,NOUN,monster
3952,dødsfall,n,NOUN,death
3953,ekstramateriale,n,NOUN,extra material
3954,kvalme,n,NOUN,nausea
3955,vanskelighet,n,NOUN,difficulty
3956,vri,v,VERB,twist
3957,arbeiderklasse,n,NOUN,working class
3958,parkere,v,VERB,park
3959,utsettelse,n,NOUN,extension
3960,beliggenhet,n,NOUN,location
3961,lærerutdanning,n,NOUN,teacher education
3962,upraktisk,adj,ADJ,unpractical
3963,oppfølger,n,NOUN,sequel
3964,bistå,v,VERB,assist
3965,pinlig,adj,ADJ,embarrassing
3966,triks,n,NOUN,trick
3967,pålegg,n,NOUN,spread/decree
3968,levetid,n,NOUN,lifetime
3969,fleksibilitet,n,NOUN,flexibility
3970,rose,n,NOUN,rose
3971,sek,n,NOUN,sec.
3972,treårig,adj,ADJ,three-year
3973,misforståelse,n,NOUN,misunderstanding
3974,organisk,adj,ADJ,organic
3975,pasning,n,NOUN,pass
3976,rammebetingelse,n,NOUN,framework condition
3977,fargerik,adj,ADJ,colourful
3978,ark,n,NOUN,sheet
3979,tilstedeværelse,n,NOUN,presence
3980,anskaffelse,n,NOUN,purchase
3981,tekstmelding,n,NOUN,text message
3982,bokmål,n,NOUN,written language
3983,hefte,n,NOUN,booklet
3984,halvveis,adv,ADV,half way
3985,sykkelvei,n,NOUN,bicycle track
3986,eksport,n,NOUN,export
3987,pumpe,n,NOUN,pump
3988,surre,v,VERB,buzz
3989,fraværende,adj,ADJ,absent
3990,ulempe,n,NOUN,disadvantage
3991,støvel,n,NOUN,boot
3992,apparat,n,NOUN,device
3993,arve,v,VERB,inherit
3994,korrigere,v,VERB,correct
3995,talsmann,n,NOUN,spokesman
3996,gjerning,n,NOUN,act
3997,støtende,n,NOUN,offensive
3998,stappe,v,VERB,cram
3999,urinen,n,NOUN,urine
4000,støtt,adv,ADV,constantly
4001,sukke,v,VERB,sigh
4002,medikament,n,NOUN,medication
4003,dytte,v,VERB,bib
4004,grunnregel,n,NOUN,ground rule
4005,sommerstid,n,NOUN,summertime
4006,mislykket,adj,ADJ,failed
4007,markedsføre,v,VERB,market
4008,asylsøker,n,NOUN,asylum seeker
4009,bekreftelse,n,NOUN,confirmation
4010,tyrkisk,adj,ADJ,Turkish
4011,klient,n,NOUN,client
4012,rekruttere,n,NOUN,recruit
4013,skolekrets,n,NOUN,school district
4014,testing,n,NOUN,testing
4015,terrorist,n,NOUN,terrorist
4016,nederlag,n,NOUN,defeat
4017,styr,n,NOUN,control
4018,skigåing,n,NOUN,skier
4019,panikk,n,NOUN,panic
4020,selvmord,n,NOUN,suicide
4021,psykologi,n,NOUN,psychology
4022,tilhørighet,n,NOUN,belonging
4023,gammeldags,adj,ADJ,old-fashioned
4024,sitron,n,NOUN,lemon
4025,spesifikasjon,n,NOUN,specification
4026,rovdyr,n,NOUN,predator
4027,morgendag,n,NOUN,tomorrow
4028,fiskeri,n,NOUN,fishery
4029,tjener,n,NOUN,waiter
4030,effektivitet,n,NOUN,efficiency
4031,saus,n,NOUN,sauce
4032,indikere,v,VERB,indicate
4033,sjøørret,n,NOUN,sea trout
4034,sammensveiset,adj,ADJ,welded together
4035,kjølvann,n,NOUN,wake
4036,fang,n,NOUN,lap
4037,toleranse,n,NOUN,tolerance
4038,trakassere,v,VERB,harass
4039,finans,n,NOUN,finance
4040,rabatt,n,NOUN,rebate
4041,tilfeldighet,n,NOUN,coincidence
4042,råne,v,VERB,become wet
4043,førsteamanuensis,n,NOUN,first assistant professor
4044,massevis,adv,ADV,lots
4045,quiz,n,NOUN,quiz
4046,taktisk,adj,ADJ,tactical
4047,pute,n,NOUN,pillow
4048,nyttår,n,NOUN,new year
4049,varighet,n,NOUN,duration
4050,gjennombrudd,n,NOUN,breakthrough
4051,døv,adj,ADJ,deaf
4052,postkontor,n,NOUN,post office
4053,grafikk,n,NOUN,graphic
4054,kompensasjon,n,NOUN,compensation
4055,psykiatri,n,NOUN,psychiatry
4056,råde,v,VERB,advise
4057,skilles,v,VERB,separate
4058,forstyrre,v,VERB,disturb
4059,pipe,n,NOUN,pipe
4060,sammendrag,n,NOUN,summary
4061,omstendighet,n,NOUN,circumstance
4062,mel,n,NOUN,flour
4063,rikelig,adj,ADJ,plentiful
4064,egenhånd,n,NOUN,independently
4065,nåde,n,NOUN,mercy
4066,synder,n,NOUN,sinner
4067,forfall,n,NOUN,absence
4068,redsel,n,NOUN,fear
4069,webside,n,NOUN,website
4070,østside,n,NOUN,eastside
4071,spørsmålstegn,n,NOUN,question mark
4072,østover,prep,PREP,eastwards
4073,datere,v,VERB,date
4074,vidvinkel,n,NOUN,wide angle
4075,ør,adj,ADJ,dizzy
4076,centimeter,n,NOUN,centimetre
4077,ordbok,n,NOUN,dictionary
4078,nedlasting,n,NOUN,
4079,overnatting,n,NOUN,overnight stop
4080,ombord,n,NOUN,aboard
4081,ofre,v,VERB,sacrifice
4082,mangfoldig,adj,ADJ,manifold
4083,hukommelse,n,NOUN,memory
4084,videreutdanning,n,NOUN,third level education
4085,formannskap,n,NOUN,chairmanship
4086,neimen,adv,ADV,gee!
4087,medalje,n,NOUN,medal
4088,afrikansk,adj,ADJ,African
4089,tålmodighet,n,NOUN,patience
4090,nærområde,n,NOUN,local area
4091,nærliggende,adj,ADJ,close
4092,barneskole,n,NOUN,primary school
4093,nære,adv,ADV,close to
4094,ovevisende,adj,ADJ,convincing
4095,myr,n,NOUN,bog
4096,tragedie,n,NOUN,tragedy
4097,genser,n,NOUN,pullover
4098,dronning,n,NOUN,queen
4099,selveste,adj,ADJ,"herself, himself"
4100,utvise,v,VERB,expel
4101,kompromiss,n,NOUN,compromise
4102,japansk,adj,ADJ,Japanese
4103,membran,n,NOUN,membrane
4104,avslag,n,NOUN,rejection
4105,følsom,adj,ADJ,sensitive
4106,bonus,n,NOUN,bonus
4107,mord,n,NOUN,murder
4108,utforske,v,VERB,research
4109,julaften,n,NOUN,Christmas Eve
4110,forsamling,n,NOUN,congregation
4111,vm,n,NOUN,World Cup
4112,debutere,v,VERB,make one's debut
4113,fitte,n,NOUN,cunt
4114,rekkevidde,n,NOUN,reach
4115,strøk,n,NOUN,"stroke, area"
4116,opphavsrettsbeskyttet,adj,ADJ,copyright-protected
4117,ensidig,adj,ADJ,one-sided
4118,fundamental,adj,ADJ,fundamental
4119,julegave,n,NOUN,Christmas present
4120,annenhver,det,DET,every other
4121,kostyme,n,NOUN,costume
4122,foster,n,NOUN,embryo
4123,konfirmasjon,n,NOUN,confirmation
4124,kildehenvisning,n,NOUN,source reference
4125,opprykk,n,NOUN,promotion
4126,kolossal,adj,ADJ,colossal
4127,roe,v,VERB,calm
4128,knute,n,NOUN,knot
4129,utnevne,v,VERB,appoint
4130,illusjon,n,NOUN,illusion
4131,vara,n,NOUN,goods?
4132,klønete,adj,ADJ,clumsy
4133,møbel,n,NOUN,piece of furniture
4134,gjengjeldelse,n,NOUN,payback
4135,kjempemye,adj,ADJ,very much
4136,sei,n,NOUN,pollock
4137,kjempehyggelig,adj,ADJ,very cosy/nice
4138,komisk,adj,ADJ,comical
4139,kjempeålreit,adj,ADJ,
4140,skrå,adj,ADJ,slanting
4141,kjelke,n,NOUN,sleigh
4142,tunnel,n,NOUN,tunnel
4143,misforstå,v,VERB,misunderstand
4144,allergi,n,NOUN,allergy
4145,farget,adj,ADJ,coloured
4146,eksponering,n,NOUN,exposure
4147,fasit,n,NOUN,answer
4148,kåt,adj,ADJ,wanton
4149,utleie,n,NOUN,lease
4150,forene,v,VERB,unite
4151,rusmiddel,n,NOUN,intoxicant
4152,jentunge,n,NOUN,little girl
4153,valgfri,adj,ADJ,elective
4154,jaggu,interj,INTERJ,by god
4155,interiør,n,NOUN,interior
4156,usannsynlig,adj,ADJ,unlikely
4157,mett,adj,ADJ,full
4158,markant,adj,ADJ,marked
4159,stabilitet,n,NOUN,stability
4160,årsverk,n,NOUN,man-labour year
4161,egenkapital,n,NOUN,equity
4162,tillegge,v,VERB,add
4163,herre,n,NOUN,gentleman
4164,statssekretær,n,NOUN,state secretary
4165,belte,n,NOUN,belt
4166,idyllisk,adj,ADJ,idyllic
4167,amatør,n,NOUN,amateur
4168,idrettsplass,n,NOUN,sports ground
4169,brett,n,NOUN,board
4170,idrettslinje,n,NOUN,
4171,troverdighet,n,NOUN,credibility
4172,likeverdig,adj,ADJ,equal
4173,flagg,n,NOUN,flag
4174,obs,adj,ADJ,NB
4175,fagforening,n,NOUN,trade union
4176,agent,n,NOUN,agent
4177,sådan,adv,ADV,so
4178,sprette,v,VERB,spread
4179,viten,n,NOUN,knowledge
4180,faglærer,n,NOUN,specialist teacher
4181,brette,v,VERB,fold
4182,bestandig,adj,ADJ,constant
4183,hjemsted,n,NOUN,domicile
4184,takknemlig,adj,ADJ,thankful
4185,skilsmisse,n,NOUN,divorce
4186,fylkesutvalg,n,NOUN,regional election
4187,rådighet,n,NOUN,availability
4188,medvirkende,adj,ADJ,participating
4189,avholde,v,VERB,hold
4190,maler,n,NOUN,painter
4191,gymtime,n,NOUN,gym class
4192,frue,n,NOUN,"lady, wife"
4193,skikkelse,n,NOUN,figure
4194,utvikler,n,NOUN,developer
4195,gruve,n,NOUN,pit
4196,torg,n,NOUN,square
4197,fagbevegelse,n,NOUN,trade union movement
4198,skjørt,n,NOUN,skirt
4199,høydepunkt,n,NOUN,peak
4200,gran,n,NOUN,spruce
4201,hjemmefra,adv,ADV,away from home
4202,uhell,adj,ADJ,accident
4203,forsiktighet,n,NOUN,caution
4204,øyeblikkelig,adj,ADJ,instantaneous
4205,komponist,n,NOUN,composer
4206,kinn,n,NOUN,cheek
4207,gangvei,n,NOUN,gangway
4208,flittig,adj,ADJ,diligent
4209,hevn,n,NOUN,revenge
4210,ovennevnt,adj,ADJ,above-mentioned
4211,burma,n,NOUN,Burma
4212,friområde,n,NOUN,recreation area
4213,utlending,n,NOUN,foreigner
4214,målrettet,adj,ADJ,goal-orientated
4215,søksmål,n,NOUN,civil action
4216,sympati,n,NOUN,sympathy
4217,medvirkning,n,NOUN,contribution
4218,protestere,v,VERB,protest
4219,mase,v,VERB,toil
4220,utstrekning,n,NOUN,extent
4221,flytting,n,NOUN,
4222,redaktøraransvar,n,NOUN,editorial responsibility
4223,homofili,n,NOUN,homosexuality
4224,folketall,n,NOUN,population
4225,barnebarn,n,NOUN,grandchild
4226,servering,n,NOUN,serving
4227,innvendig,adj,ADJ,internal
4228,eik,n,NOUN,oak
4229,ustabil,adj,ADJ,unstable
4230,fjelltopp,n,NOUN,mountaintop
4231,innspilling,n,NOUN,recording
4232,trøbbel,adj,ADJ,trouble
4233,scoring,n,NOUN,score
4234,kommunistisk,adj,ADJ,Communist
4235,innlagt,adj,ADJ,connected
4236,felg,n,NOUN,rim
4237,li,n,NOUN,hillside
4238,elegant,adj,ADJ,elegant
4239,asfalt,n,NOUN,asphalt
4240,nyhetsbyrå,n,NOUN,news agency
4241,epleslang,n,NOUN,scrumping
4242,råtten,adj,ADJ,rotten
4243,dødsstraff,n,NOUN,death penalty
4244,engelskmann,n,NOUN,Englishman
4245,kvalm,adj,ADJ,oppressive
4246,titalls,adj,ADJ,charged
4247,eldresenter,n,NOUN,senior citizen community centre
4248,irsk,adj,ADJ,Irish
4249,træ,v,VERB,thread
4250,inkluderende,adj,ADJ,inclusive
4251,utrydde,v,VERB,eradicate
4252,ekspedisjon,n,NOUN,expedition
4253,vaksinere,v,VERB,vaccinate
4254,oppmøte,n,NOUN,meet
4255,kapitalistisk,adj,ADJ,capitalistic
4256,ambassade,n,NOUN,embassy
4257,flekk,n,NOUN,stain
4258,femti,det,DET,fifty
4259,permisjon,n,NOUN,permission
4260,stråling,n,NOUN,radiation
4261,stigende,adj,ADJ,increasing
4262,innvilge,v,VERB,agree
4263,jern,n,NOUN,iron
4264,oppfordring,n,NOUN,encouragement
4265,bataljon,n,NOUN,battalion
4266,drastisk,adj,ADJ,drastic
4267,biografi,n,NOUN,cinema
4268,næringsdrivende,adj,ADJ,entrepreneurial
4269,minnekort,n,NOUN,
4270,sølv,n,NOUN,silver
4271,verv,n,NOUN,business
4272,farvann,n,NOUN,sea
4273,samfunnsfag,n,NOUN,social science
4274,ture,v,VERB,carouse
4275,fotballkamp,n,NOUN,football match
4276,årrekke,n,NOUN,number of years
4277,avklaring,n,NOUN,clarification
4278,kvart,n,NOUN,quarter
4279,forske,v,VERB,research
4280,sjøørretfiske,n,NOUN,sea trout fishing
4281,pussig,adj,ADJ,strange
4282,biskop,n,NOUN,bishop
4283,salat,n,NOUN,salad
4284,rumpe,n,NOUN,bottom
4285,sexy,n,NOUN,sexy
4286,underkant,n,NOUN,lower edge
4287,relevans,n,NOUN,relevance
4288,rådgivning,n,NOUN,counselling
4289,blokkere,v,VERB,block
4290,humoristisk,adj,ADJ,funny
4291,forvirring,n,NOUN,confusion
4292,privatisering,n,NOUN,privatisation
4293,forvalter,n,NOUN,administrator
4294,hale,n,NOUN,tail
4295,norm,n,NOUN,norm
4296,fortløpende,adj,ADJ,sequential
4297,tilegne,v,VERB,dedicate
4298,låse,adj,ADJ,lock
4299,tilfreds,adj,ADJ,satisfied
4300,seksjon,n,NOUN,section
4301,sannelig,adv,ADV,really
4302,skryt,n,NOUN,boast
4303,overvelde,v,VERB,overwhelm
4304,nytelse,n,NOUN,enjoyment
4305,tilpasning,n,NOUN,adaptation
4306,markedsandel,n,NOUN,market share
4307,fryd,n,NOUN,delight
4308,undre,v,VERB,wonder
4309,mestre,adj,ADJ,master
4310,konstruksjon,n,NOUN,construction
4311,tyv,n,NOUN,thief
4312,tå,v,VERB,toe
4313,minoritet,n,NOUN,minority
4314,polsk,adj,ADJ,Polish
4315,verdsette,v,VERB,value
4316,seter,n,NOUN,pasture
4317,horn,n,NOUN,horn
4318,ufarlig,adj,ADJ,not dangerous
4319,bedømme,v,VERB,estimate
4320,irak,n,NOUN,Iraq
4321,hjerteinfarkt,n,NOUN,heart attack
4322,livskvalitet,n,NOUN,quality of life
4323,steke,v,VERB,fry
4324,iblant,prep,PREP,sometimes
4325,ovn,n,NOUN,oven
4326,hakke,v,VERB,hack
4327,lederskap,n,NOUN,leadership
4328,anbud,n,NOUN,tender
4329,sensur,n,NOUN,censorship
4330,stemmerett,n,NOUN,voting right
4331,disponere,v,VERB,dispose
4332,inderlig,adj,ADJ,heartfelt
4333,feilaktig,adj,ADJ,erroneous
4334,reportasje,n,NOUN,report
4335,messe,n,NOUN,mass
4336,belyse,v,VERB,illuminate
4337,inngående,adj,ADJ,thorough
4338,mager,adj,ADJ,skinny
4339,kjempebra,adj,ADJ,very good
4340,ryke,v,VERB,smoke
4341,skli,v,VERB,slide
4342,informasjonssjef,n,NOUN,information manager
4343,journalistikk,n,NOUN,journalism
4344,aksept,n,NOUN,acceptance
4345,tredjedel,n,NOUN,third
4346,forhandler,n,NOUN,retailer
4347,jurist,n,NOUN,lawyer
4348,spøk,n,NOUN,joke
4349,fjernsyn,n,NOUN,television
4350,forankring,n,NOUN,anchoring
4351,diett,n,NOUN,diet
4352,velstand,n,NOUN,wealth
4353,forbinde,v,VERB,connect
4354,gjeldende,adj,ADJ,applicable
4355,styrking,n,NOUN,
4356,monster,n,NOUN,monster
4357,forankre,v,VERB,anchor
4358,vanske,n,NOUN,trouble
4359,avsette,v,VERB,set aside
4360,hint,n,NOUN,hint
4361,etterlate,v,VERB,leave behind
4362,gen,n,NOUN,gene
4363,smidig,adj,ADJ,supple
4364,vask,n,NOUN,wash
4365,bortebane,n,NOUN,away ground
4366,unnskylde,v,VERB,excuse
4367,lam,n,NOUN,lamb
4368,utfylle,v,VERB,complete
4369,kyss,n,NOUN,kiss
4370,oksygen,n,NOUN,oxygen
4371,kanariøyene,n,NOUN,the Canaries
4372,utveksling,n,NOUN,exchange
4373,senior,n,NOUN,senior
4374,arbeidsmiljølov,n,NOUN,working environment act
4375,dugnad,n,NOUN,voluntary work
4376,oversiktlig,adj,ADJ,clear
4377,årsskifte,n,NOUN,turn of the year
4378,anslag,n,NOUN,touch
4379,eksplodere,v,VERB,explode
4380,nevneverdig,adj,ADJ,mentionable
4381,hyllest,n,NOUN,celebration
4382,klimagass,n,NOUN,greenhouse gas
4383,uavhengighet,n,NOUN,independence
4384,luke,n,NOUN,window
4385,skinn,n,NOUN,skin
4386,rasende,adj,ADJ,angry
4387,rensing,n,NOUN,cleaning
4388,forsikringsselskap,n,NOUN,insurance company
4389,prostitusjon,n,NOUN,prostitution
4390,parallell,adj,ADJ,parallel
4391,inneværende,adj,ADJ,current
4392,russer,n,NOUN,Russian
4393,strak,adj,ADJ,straight
4394,lokk,n,NOUN,lid
4395,fronte,v,VERB,lead
4396,håndverk,n,NOUN,handicraft
4397,kjemi,n,NOUN,chemistry
4398,arbeidsforhold,n,NOUN,working condition
4399,virus,n,NOUN,virus
4400,privatperson,n,NOUN,private individual
4401,gange,v,VERB,multiply
4402,hviske,v,VERB,whisper
4403,opptreden,n,NOUN,act
4404,publikasjon,n,NOUN,publication
4405,same,n,NOUN,Sami
4406,kvarter,n,NOUN,quarter
4407,forskningsråd,n,NOUN,research council
4408,kulturminne,n,NOUN,cultural monument
4409,pølse,n,NOUN,sausage
4410,naturfag,n,NOUN,natural science
4411,redegjørelse,n,NOUN,statement
4412,taus,adj,ADJ,silent
4413,betong,n,NOUN,concrete
4414,hydrogen,n,NOUN,hydrogen
4415,smykke,n,NOUN,jewellery
4416,ankomst,n,NOUN,arrival
4417,forespørsel,n,NOUN,request
4418,uttelling,n,NOUN,payment
4419,utstrakt,adj,ADJ,stretched
4420,bakterie,n,NOUN,bacteria
4421,berg,n,NOUN,mountain
4422,beta,v,VERB,captivate
4423,aldeles,adv,ADV,quite
4424,lydkvalitet,n,NOUN,sound quality
4425,overvåke,n,NOUN,monitor
4426,trøst,n,NOUN,comfort
4427,tilbehør,n,NOUN,accessory
4428,utviklingsarbeid,n,NOUN,development work
4429,allsidig,adj,ADJ,comprehensive
4430,indeks,n,NOUN,index
4431,legendarisk,adj,ADJ,legendary
4432,skapende,adj,ADJ,creative
4433,spektakulær,adj,ADJ,spectacular
4434,synliggjøre,v,VERB,visualise
4435,sjakk,n,NOUN,chess
4436,savn,n,NOUN,want
4437,humanistisk,adj,ADJ,humanistic
4438,avslappet,adj,ADJ,relaxed
4439,realfag,n,NOUN,science subject
4440,rotete,adj,ADJ,messy
4441,dyrlege,n,NOUN,veterinarian
4442,optimisme,n,NOUN,optimism
4443,aust-agder,n,NOUN,
4444,oppvokst,adj,ADJ,raised
4445,rømme,v,VERB,clear
4446,svette,n,NOUN,sweat
4447,femten,det,DET,fifteen
4448,suse,v,VERB,rush
4449,administrator,n,NOUN,administrator
4450,protokoll,n,NOUN,protocol
4451,trøkk,n,NOUN,
4452,kjemikalie,n,NOUN,chemical
4453,rane,v,VERB,rob
4454,dagtid,n,NOUN,daytime
4455,signatur,n,NOUN,signature
4456,gjerde,n,NOUN,fence
4457,garderobe,n,NOUN,wardrobe
4458,irakisk,adj,ADJ,Iraqi
4459,transaksjone,n,NOUN,transactions
4460,applikasjon,n,NOUN,application
4461,grus,n,NOUN,gravel
4462,mishandling,n,NOUN,mistreatment
4463,påfallende,adj,ADJ,striking
4464,match,n,NOUN,match
4465,alarm,n,NOUN,alarm
4466,elektronikk,n,NOUN,electronics
4467,allergisk,adj,ADJ,allergic
4468,fremtredende,adj,ADJ,prominent
4469,romslig,adj,ADJ,roomy
4470,smell,n,NOUN,dent
4471,foregående,adj,ADJ,previous
4472,paradoks,n,NOUN,paradox
4473,kjennetegn,n,NOUN,characteristic
4474,personvern,n,NOUN,personal protection
4475,rikdom,n,NOUN,wealth
4476,slott,n,NOUN,castle
4477,forenkle,v,VERB,simplify
4478,lekse,n,NOUN,homework
4479,anelse,n,NOUN,idea
4480,list,n,NOUN,list
4481,haste,v,VERB,hurry
4482,heretter,adv,ADV,then
4483,konstruere,v,VERB,construct
4484,bygningslov,n,NOUN,construction act
4485,stell,n,NOUN,care
4486,pupp,n,NOUN,tit
4487,utviklingsland,n,NOUN,developing country
4488,bryggeri,n,NOUN,brewery
4489,komma,n,NOUN,comma
4490,innledende,adj,ADJ,introduction
4491,førstkommende,adj,ADJ,first
4492,kurv,n,NOUN,curve
4493,lim,n,NOUN,glue
4494,forpliktende,adj,ADJ,obliging
4495,knekke,v,VERB,break
4496,uttak,n,NOUN,selection
4497,væpne,v,VERB,equip
4498,vegvesen,n,NOUN,public road administration
4499,avsluttende,adj,ADJ,ending
4500,lokalisere,v,VERB,localise
4501,sopp,n,NOUN,mushroom
4502,opptur,n,NOUN,boom
4503,årstrinn,n,NOUN,year
4504,krf,n,NOUN,
4505,piksel,n,NOUN,pixel
4506,trikk,n,NOUN,trick
4507,forsyne,v,VERB,supply
4508,helsesøster,n,NOUN,nurse
4509,blomstre,v,VERB,grow
4510,fiber,n,NOUN,fibre
4511,stolthet,n,NOUN,pride
4512,dernest,adv,ADV,then
4513,etterretning,n,NOUN,report
4514,komplikasjon,n,NOUN,complication
4515,dress,n,NOUN,dress
4516,uakseptabel,adj,ADJ,unacceptable
4517,bratt,adj,ADJ,steep
4518,frø,n,NOUN,seed
4519,blokk,n,NOUN,block
4520,ran,n,NOUN,robbery
4521,integrasjon,n,NOUN,integration
4522,likeså,adv,ADV,like
4523,etappe,n,NOUN,stage
4524,slektning,n,NOUN,relation
4525,reisemål,n,NOUN,travel destination
4526,entydig,adj,ADJ,unambiguous
4527,misbruke,v,VERB,misuse
4528,ferdes,v,VERB,roam
4529,henrette,v,VERB,execute
4530,magi,n,NOUN,magic
4531,oppnevne,v,VERB,mention
4532,splitter,adv,ADV,
4533,faks,n,NOUN,fax
4534,sikring,n,NOUN,insurance
4535,skriving,n,NOUN,letter
4536,vinke,v,VERB,wave
4537,restriksjon,n,NOUN,restriction
4538,fremstilling,n,NOUN,presentation
4539,sovjetisk,adj,ADJ,Soviet
4540,sentralbank,n,NOUN,central bank
4541,biologi,n,NOUN,biology
4542,landslagssjef,n,NOUN,national team manager
4543,kampsport,n,NOUN,
4544,krydder,n,NOUN,spice
4545,lidenskap,n,NOUN,passion
4546,spilletid,n,NOUN,play time
4547,lengte,v,VERB,length
4548,elite,n,NOUN,elite
4549,pokker,interj,INTERJ,damn
4550,skandinavisk,adj,ADJ,Scandinavian
4551,pille,n,NOUN,tablet
4552,instans,n,NOUN,authority
4553,offside,n,NOUN,offside
4554,ev.,adj,ADJ,
4555,vedlegge,v,VERB,attach
4556,avhengighet,n,NOUN,dependence
4557,hyle,v,VERB,scream
4558,nærmiljø,n,NOUN,local community
4559,uendret,adj,ADJ,unchanged
4560,jage,v,VERB,chase
4561,elektrisitet,n,NOUN,electricity
4562,vedvare,v,VERB,remain
4563,mangelfull,adj,ADJ,insufficient
4564,introduksjon,n,NOUN,introduction
4565,notere,v,VERB,note
4566,elg,n,NOUN,elk
4567,insulin,n,NOUN,insulin
4568,tilslutning,n,NOUN,connection
4569,sammenslåing,n,NOUN,fusion
4570,ettertanke,n,NOUN,afterthought
4571,herje,v,VERB,ravage
4572,kontroversiell,adj,ADJ,controversial
4573,likeledes,adv,ADV,like
4574,videreføring,n,NOUN,continuation
4575,gjenspeile,v,VERB,replay
4576,nyskapende,adj,ADJ,innovative
4577,spekulere,v,VERB,speculate
4578,drakt,n,NOUN,costume
4579,skuffelse,n,NOUN,disappointment
4580,tromme,n,NOUN,drum
4581,feit,adj,ADJ,fat
4582,inklusive,adv,ADV,including
4583,likegyldig,adj,ADJ,indifferent
4584,toppscorer,n,NOUN,top-scorer
4585,lit,n,NOUN,a bit
4586,utpå,prep,PREP,out on
4587,villa,n,NOUN,villa
4588,uenighet,n,NOUN,disagreement
4589,atomvåpen,n,NOUN,atomic weapon
4590,behold,n,NOUN,condition
4591,utenkelig,adj,ADJ,unthinkable
4592,kompensere,v,VERB,compensate
4593,galskap,n,NOUN,madness
4594,dop,n,NOUN,drug
4595,besette,v,VERB,occupy
4596,fortjeneste,n,NOUN,profit
4597,samliv,n,NOUN,cohabitation
4598,retorikk,n,NOUN,rhetoric
4599,kur,n,NOUN,cure
4600,bakfra,prep,PREP,from behind
4601,fraråde,v,VERB,dissuade
4602,rødvin,n,NOUN,red wine
4603,middelalder,n,NOUN,middle age
4604,negl,n,NOUN,nail
4605,spekter,n,NOUN,spectrum
4606,sosiologi,n,NOUN,sociology
4607,ubehag,n,NOUN,dislike
4608,landsforbund,n,NOUN,national federation
4609,action,n,NOUN,action
4610,ts,n,NOUN,
4611,uvitende,adj,ADJ,ignorant
4612,lærdom,n,NOUN,teaching
4613,uaktuell,adj,ADJ,not relevant
4614,ikt,n,NOUN,"ICT, information and communication technology"
4615,merverdiavgift,n,NOUN,VAT
4616,taxi,n,NOUN,taxi
4617,kredittkort,n,NOUN,credit card
4618,paradis,n,NOUN,paradise
4619,introdusere,v,VERB,introduce
4620,tilgi,v,VERB,forgive
4621,flamme,n,NOUN,flame
4622,foresatt,v,VERB,authority
4623,utenrikspolitikk,n,NOUN,foreign policy
4624,ratt,n,NOUN,wheel
4625,prikk,n,NOUN,dot
4626,strukturen,n,NOUN,the structure
4627,knippe,n,NOUN,bunch
4628,samleie,n,NOUN,sex
4629,parlament,n,NOUN,parliament
4630,skrekk,n,NOUN,fear
4631,lønnsomhet,n,NOUN,profitability
4632,mindreårig,adj,ADJ,underage
4633,redning,n,NOUN,rescue
4634,kontinent,n,NOUN,continent
4635,dyster,adj,ADJ,gloomy
4636,forut,adv,ADV,prior
4637,krangel,n,NOUN,fight
4638,sukk,n,NOUN,sigh
4639,frakt,n,NOUN,freight
4640,humanitær,adj,ADJ,humanitarian
4641,no.,adj,ADJ,
4642,aids,n,NOUN,aids
4643,hanske,n,NOUN,glove
4644,syndrom,n,NOUN,syndrome
4645,aften,n,NOUN,evening
4646,assistent,n,NOUN,assistant
4647,integritet,n,NOUN,integrity
4648,kompakt,adj,ADJ,compact
4649,vogn,n,NOUN,vehicle
4650,mindretall,n,NOUN,minority
4651,applaus,n,NOUN,applause
4652,forstyrrelse,n,NOUN,disturbance
4653,vedtekt,n,NOUN,regulation
4654,kalender,n,NOUN,calendar
4655,belysning,n,NOUN,lighting
4656,portrett,n,NOUN,portrait
4657,eksakt,n,NOUN,extract
4658,sanksjon,n,NOUN,sanction
4659,karantene,n,NOUN,quarantine
4660,verdensrom,n,NOUN,outer space
4661,omverden,n,NOUN,the surroundings
4662,juling,n,NOUN,beating
4663,reguleringsplan,n,NOUN,regulation plan
4664,diktatur,n,NOUN,dictatorship
4665,sidelinje,n,NOUN,sideline
4666,oppbygging,n,NOUN,construction
4667,rakett,n,NOUN,rocket
4668,treffes,v,VERB,to meet
4669,fradrag,n,NOUN,deduction
4670,folketrygd,n,NOUN,national insurance
4671,reiseliv,n,NOUN,travel life
4672,gjensyn,n,NOUN,reunion
4673,skrivebord,n,NOUN,writing desk
4674,verdighet,n,NOUN,dignity
4675,utløp,n,NOUN,outlet
4676,landsbygd,n,NOUN,countryside
4677,utbetale,v,VERB,to pay out
4678,dal,n,NOUN,valley
4679,trivsel,n,NOUN,well-being
4680,vokalist,n,NOUN,vocalist
4681,fornyelse,n,NOUN,renewal
4682,forvei,n,NOUN,advance
4683,sammenlagt,adj,ADJ,added
4684,regissert,v,VERB,
4685,frelse,n,NOUN,salvation
4686,fuktig,adj,ADJ,moist
4687,jubileum,n,NOUN,jubilee
4688,tyveri,n,NOUN,theft
4689,minnes,v,VERB,remember
4690,alltids,adv,ADV,great
4691,kjønnsforskning,n,NOUN,gender research
4692,skjegg,n,NOUN,beard
4693,strekning,n,NOUN,stretch
4694,bachelor,n,NOUN,bachelor
4695,fortvilet,adj,ADJ,desperate
4696,torsk,n,NOUN,cod
4697,etablert,adj,ADJ,established
4698,regnestykke,n,NOUN,calculation
4699,uforståelig,adj,ADJ,incomprehensible
4700,brannvesen,n,NOUN,fire department
4701,utbrudd,n,NOUN,eruption
4702,deltid,n,NOUN,part-time
4703,forfatterskap,n,NOUN,authorship
4704,reke,n,NOUN,shrimp
4705,spenne,v,VERB,tighten
4706,operativsystem,n,NOUN,perative system
4707,overlegen,adj,ADJ,superior
4708,skjev,adj,ADJ,crooked
4709,fordypning,n,NOUN,indentation
4710,moment,n,NOUN,moment
4711,dilemma,n,NOUN,dilemma
4712,pkt.,n,NOUN,point
4713,fullmakt,n,NOUN,power of attorney
4714,prioritet,n,NOUN,priority
4715,stemple,v,VERB,stamp
4716,profitt,n,NOUN,profit
4717,fyldig,adj,ADJ,plump
4718,skjelve,v,VERB,tremble
4719,g.,n,NOUN,g.
4720,fortvilelse,n,NOUN,despair
4721,prosjektarbeid,n,NOUN,project work
4722,margin,n,NOUN,margin
4723,terapi,n,NOUN,therapy
4724,asiatisk,adj,ADJ,Asiatic
4725,gassen,n,NOUN,the gas
4726,innvending,n,NOUN,objection
4727,utenpå,prep,PREP,outside
4728,prostituere,v,VERB,prostitute
4729,oppegående,adj,ADJ,up-going
4730,helsefremmende,adj,ADJ,health-promoting
4731,bagasje,n,NOUN,luggage
4732,supplement,n,NOUN,supplement
4733,aktivist,n,NOUN,activist
4734,jordskjelv,n,NOUN,earthquake
4735,rammeverk,n,NOUN,framework
4736,vrak,n,NOUN,wreck
4737,saksbehandling,n,NOUN,case handling
4738,lastebil,n,NOUN,truck
4739,nybygg,n,NOUN,new building
4740,ultimat,adj,ADJ,ultimate
4741,koran,n,NOUN,Koran
4742,skissere,v,VERB,sketch
4743,mellomstor,adj,ADJ,middle-sized
4744,håndfull,n,NOUN,handful
4745,ruste,v,VERB,corrode
4746,lesbisk,adj,ADJ,lesbian
4747,afghansk,adj,ADJ,Afghan
4748,folkevalgt,adj,ADJ,publicly elected
4749,pakningsvedlegg,n,NOUN,packaging attachment
4750,sparebank,n,NOUN,bank
4751,overens,adv,ADV,in agreement
4752,slapp,adj,ADJ,weak
4753,gjennomtenke,v,VERB,think through
4754,næringsutvikling,n,NOUN,business development
4755,begivenhet,n,NOUN,event
4756,borettslag,n,NOUN,housing cooperative
4757,reisende,n,NOUN,travelling
4758,andreplass,n,NOUN,second place
4759,atskillig,adj,ADJ,many
4760,tiende,adj,ADJ,tenth
4761,spontan,adj,ADJ,spontaneous
4762,partikkel,n,NOUN,particle
4763,vett,n,NOUN,intelligence
4764,omlegging,n,NOUN,change
4765,livlig,adj,ADJ,lively
4766,distanse,n,NOUN,distance
4767,harmoni,n,NOUN,harmony
4768,mineral,n,NOUN,mineral
4769,splitte,v,VERB,split
4770,kulde,n,NOUN,cold
4771,øm,adj,ADJ,sore
4772,kanarisk,adj,ADJ,Canarian
4773,nabolag,n,NOUN,neighbourhood
4774,lene,v,VERB,lean
4775,kostholdsfilosofi,n,NOUN,diet philosophy
4776,engstelig,adj,ADJ,worried
4777,sminke,n,NOUN,make-up
4778,modig,adj,ADJ,brave
4779,dale,v,VERB,fall
4780,truende,adj,ADJ,threatening
4781,doble,v,VERB,double
4782,ubrukelig,adj,ADJ,unusable
4783,danmark,n,NOUN,Denmark
4784,utroskap,n,NOUN,unfaithfulness
4785,inkl.,adv,ADV,incl.
4786,intelligens,n,NOUN,intelligence
4787,begeistring,n,NOUN,enthusiasm
4788,akte,v,VERB,intent
4789,lat,adj,ADJ,lazy
4790,merknad,n,NOUN,comment
4791,tek,n,NOUN,knack
4792,lur,n,NOUN,nap
4793,komfortabel,adj,ADJ,comfortable
4794,underlag,n,NOUN,foundation
4795,begjær,n,NOUN,desire
4796,incest,n,NOUN,incest
4797,utvendig,adj,ADJ,external
4798,forlengelse,n,NOUN,extension
4799,telefonnummer,n,NOUN,phone number
4800,forsinkelse,n,NOUN,delay
4801,katolsk,adj,ADJ,Catholic
4802,sosialdemokratisk,adj,ADJ,social democratic
4803,kunstverk,n,NOUN,work of art
4804,statsvitenskap,n,NOUN,social science
4805,problematikk,n,NOUN,problem
4806,innledningsvis,adv,ADV,at the beginning
4807,brake,v,VERB,crash
4808,skolegang,n,NOUN,schooling
4809,varde,n,NOUN,marker
4810,velsignelse,n,NOUN,blessing
4811,byråd,n,NOUN,city council
4812,sær,adj,ADJ,strange
4813,dessert,n,NOUN,dessert
4814,maling,n,NOUN,painting
4815,igangsette,v,VERB,start up
4816,grunnlegge,v,VERB,establish
4817,innbille,v,VERB,convince
4818,bestand,n,NOUN,stock
4819,frekvens,n,NOUN,frequency
4820,forbrukerombud,n,NOUN,consumer ombudsman
4821,torturere,v,VERB,torture
4822,cruise,n,NOUN,cruise
4823,prosedyre,n,NOUN,procedure
4824,simpelthen,adv,ADV,simply
4825,bekjent,adj,ADJ,known
4826,kuk,n,NOUN,cock
4827,oppussing,n,NOUN,redecorating
4828,idiotisk,adj,ADJ,idiotic
4829,lojalitet,n,NOUN,loyalty
4830,frekk,adj,ADJ,impertinent
4831,skjerme,v,VERB,screen
4832,utskriftsvennlig,adj,ADJ,printer-friendly
4833,gro,v,VERB,grow
4834,fylkesting,v,VERB,county council
4835,presidentvalg,n,NOUN,presidential election
4836,selvstendighet,n,NOUN,independence
4837,miljøgift,n,NOUN,environmental poison
4838,poesi,n,NOUN,poetry
4839,snus,n,NOUN,snuff
4840,ørn,n,NOUN,eagle
4841,ovevisning,n,NOUN,
4842,pedagogikk,v,VERB,
4843,forgjenger,n,NOUN,predecessor
4844,profilert,v,VERB,
4845,kidnappe,v,VERB,kidnap
4846,formann,n,NOUN,chairman
4847,samordning,n,NOUN,
4848,hjertesvikt,n,NOUN,heart failure
4849,direktorat,n,NOUN,directorate
4850,majoritet,n,NOUN,majority
4851,derav,adv,ADV,thereof
4852,bortimot,adv,ADV,away from
4853,speile,v,VERB,reflect
4854,drag,n,NOUN,pull
4855,hindring,n,NOUN,obstacle
4856,oppheve,v,VERB,abolish
4857,nederlandsk,adj,ADJ,Dutch
4858,ref.,n,NOUN,ref.
4859,snau,adj,ADJ,bare
4860,syden,n,NOUN,"South, Mediterranean countries"
4861,unødig,adj,ADJ,unnecessary
4862,pils,n,NOUN,pilsner
4863,rusle,v,VERB,rustle
4864,virtuell,adj,ADJ,virtual
4865,eiendomsskatt,n,NOUN,property tax
4866,mose,v,VERB,mash
4867,tannlege,n,NOUN,dentist
4868,lengsel,n,NOUN,longing
4869,feile,v,VERB,err
4870,oppsikt,n,NOUN,attention
4871,snuble,v,VERB,stumble
4872,ritual,n,NOUN,ritual
4873,fremkomme,v,VERB,appear
4874,visdom,n,NOUN,wisdom
4875,oppdragsgiver,n,NOUN,employer
4876,ku,n,NOUN,cow
4877,sentralbyrå,adj,ADJ,central city council
4878,kvalifikasjon,n,NOUN,qualification
4879,påvente,n,NOUN,pending
4880,dramatikk,n,NOUN,dramatics
4881,melodi,n,NOUN,melody
4882,arbeiderparti,n,NOUN,workers party
4883,målestokk,n,NOUN,measurement
4884,ondskap,n,NOUN,wickedness
4885,opphavsrett,n,NOUN,copyright
4886,klump,n,NOUN,lump
4887,reisetips,n,NOUN,travel tip
4888,mislighet,n,NOUN,
4889,flyselskap,n,NOUN,airline
4890,tobakk,n,NOUN,tobacco
4891,oppdragelse,n,NOUN,upbringing
4892,arbeidsdag,n,NOUN,working day
4893,næringsvirksomhet,n,NOUN,business activity
4894,saft,n,NOUN,juice
4895,unormal,adj,ADJ,not normal
4896,arbeidsvilkår,n,NOUN,working condition
4897,egenandel,n,NOUN,own share
4898,anlegge,v,VERB,establish
4899,hæl,n,NOUN,heel
4900,kjølig,adj,ADJ,chilly
4901,overstige,v,VERB,exceed
4902,sprute,v,VERB,gush
4903,glitrende,adj,ADJ,glittering
4904,isolasjon,n,NOUN,isolation
4905,tang,n,NOUN,pair of tongs
4906,frigjøring,n,NOUN,freeing
4907,avvik,v,VERB,"deviation, departure"
4908,spillmagasin,n,NOUN,game magazine
4909,etternavn,n,NOUN,surname
4910,avfall,n,NOUN,garbage
4911,knop,n,NOUN,knot
4912,reparere,v,VERB,repair
4913,ironi,n,NOUN,irony
4914,teologisk,adj,ADJ,theological
4915,brukervennlighet,n,NOUN,user-friendliness
4916,mekanisme,n,NOUN,mechanism
4917,medfølgende,adj,ADJ,attached
4918,antrekk,n,NOUN,outfit
4919,dertil,adv,ADV,in addition
4920,doktorgrad,n,NOUN,doctorate
4921,hovedregel,n,NOUN,main rule
4922,skjønnhet,n,NOUN,beauty
4923,sperre,v,VERB,bar
4924,fremgangsmåte,n,NOUN,approach
4925,hovedkontor,n,NOUN,main office
4926,penn,n,NOUN,pen
4927,oppriktig,adj,ADJ,sincere
4928,ufrivillig,adj,ADJ,involuntary
4929,fortrinnsvis,adv,ADV,primarily
4930,nærvær,n,NOUN,presence
4931,legitimitet,n,NOUN,legitimacy
4932,selvforsvar,n,NOUN,self-defence
4933,bremse,v,VERB,break
4934,takling,n,NOUN,tackle
4935,nødhjelp,n,NOUN,aid
4936,organisme,n,NOUN,organism
4937,bebyggelse,n,NOUN,building development
4938,etterkommer,n,NOUN,descendant
4939,taktikk,n,NOUN,tactic
4940,trakassering,n,NOUN,harassment
4941,grådig,adj,ADJ,greedy
4942,turbo,n,NOUN,turbo
4943,major,n,NOUN,major
4944,høyskole,n,NOUN,college
4945,ryddig,adj,ADJ,tidy
4946,partileder,n,NOUN,party leader
4947,opplag,n,NOUN,edition
4948,oppdagelse,n,NOUN,discovery
4949,banne,v,VERB,swear
4950,ferskvann,n,NOUN,fresh water
4951,homo,n,NOUN,homo
4952,modus,n,NOUN,mode
4953,kvitt,adj,ADJ,rid of
4954,speilrefleks,n,NOUN,mirror reflection
4955,studiekompetanse,n,NOUN,study competency
4956,økonom,n,NOUN,economist
4957,vokal,n,NOUN,vowel
4958,iransk,v,VERB,Iranian
4959,bolle,n,NOUN,bun
4960,eksplisitt,adj,ADJ,explicit
4961,mestring,n,NOUN,mastering
4962,trofast,adj,ADJ,loyal
4963,aldersgruppe,n,NOUN,age group
4964,fundament,n,NOUN,foundation
4965,ujevn,adj,ADJ,uneven
4966,lun,adj,ADJ,warm
4967,ryste,v,VERB,shake
4968,kommentarfelt,v,VERB,comment field
4969,ambulanse,n,NOUN,ambulance
4970,folkemord,n,NOUN,genocide
4971,mirakel,n,NOUN,miracle
4972,weekend,n,NOUN,weekend
4973,lokalbefolkning,n,NOUN,local community
4974,julebord,n,NOUN,Christmas table
4975,kjempefin,adj,ADJ,great
4976,sjalu,adj,ADJ,jealous
4977,forurense,adj,ADJ,pollute
4978,kulturminister,n,NOUN,minister for culture
4979,barnehageplass,n,NOUN,kindergarten place
4980,bortover,prep,PREP,along
4981,frittstående,adj,ADJ,free-standing
4982,hjelm,n,NOUN,helmet
4983,dikter,n,NOUN,poems
4984,ruin,n,NOUN,ruin
4985,styreformann,n,NOUN,chairman
4986,uinteressant,adj,ADJ,uninteresting
4987,gylden,adj,ADJ,golden
4988,narkoman,n,NOUN,drug addict
4989,grue,v,VERB,fear
4990,stupe,v,VERB,dive
4991,sidelenke,v,VERB,
4992,utbredelse,n,NOUN,extensiveness
4993,mobilisere,v,VERB,mobilise
4994,nordlig,adj,ADJ,Northerly
4995,tåpelig,adj,ADJ,stupid
4996,storme,v,VERB,storm
4997,kvote,n,NOUN,quota
4998,naturforvaltning,n,NOUN,nature management
4999,aktivere,adj,ADJ,activate
5000,fåtall,n,NOUN,few
5001,mishandle,v,VERB,mismanage
5002,hoste,v,VERB,cough
5003,legning,n,NOUN,tendency
5004,straffespark,n,NOUN,penalty kick
5005,helsemessig,adj,ADJ,health-related
5006,imperialisme,n,NOUN,imperialism
5007,risk,n,NOUN,risk
5008,teit,n,NOUN,stupid
5009,meditasjon,n,NOUN,meditation
5010,tomat,n,NOUN,tomato
5011,valgfrihet,n,NOUN,freedom of choice
5012,dess,adv,ADV,the (more)
5013,svimmelhet,n,NOUN,dizziness
5014,underliv,n,NOUN,abdomen
5015,taper,n,NOUN,loser
5016,åssen,adv,ADV,
5017,flash,n,NOUN,flash
5018,regjeringsparti,n,NOUN,party in government
5019,rådyr,n,NOUN,deer
5020,begravelse,n,NOUN,funeral
5021,personal,adj,ADJ,personal
5022,eiendomsrett,n,NOUN,property right
5023,evighet,n,NOUN,eternity
5024,leire,n,NOUN,clay
5025,overtale,v,VERB,convince
5026,tau,n,NOUN,rope
5027,prevensjon,n,NOUN,prevention
5028,belegg,n,NOUN,fur
5029,bioenergi,n,NOUN,bio-energy
5030,høste,v,VERB,harvest
5031,favør,n,NOUN,favour
5032,prosessor,n,NOUN,processor
5033,undertøy,n,NOUN,underwear
5034,maritim,adj,ADJ,maritime
5035,koordinator,n,NOUN,coordinator
5036,vestbredden,n,NOUN,the Westbank
5037,minske,v,VERB,lessen
5038,berge,v,VERB,rescue
5039,fastlege,n,NOUN,fix
5040,islandsk,adj,ADJ,Icelandic
5041,fortsettelse,n,NOUN,continuation
5042,konvertere,v,VERB,convert
5043,hofte,n,NOUN,hip
5044,søknadsfrist,n,NOUN,deadline
5045,ubegrenset,adj,ADJ,unlimited
5046,etat,n,NOUN,department
5047,allmennhet,n,NOUN,general public
5048,sokkel,n,NOUN,foundation
5049,nedfelle,adj,ADJ,
5050,avføring,n,NOUN,excrement
5051,verdensbasis,n,NOUN,world basis
5052,særegen,adj,ADJ,special
5053,utslett,n,NOUN,rash
5054,godteri,n,NOUN,goodies
5055,omgjøre,v,VERB,redo
5056,kompetanseutvikling,n,NOUN,development of competencies
5057,levekår,n,NOUN,living conditions
5058,uniform,n,NOUN,uniform
5059,lokallag,n,NOUN,local team
5060,fullverdig,adj,ADJ,of full value
5061,motvirke,v,VERB,counteract
5062,human,adj,ADJ,human
5063,antageligvis,adv,ADV,probably
5064,kjip,v,VERB,
5065,sigarett,n,NOUN,cigarette
5066,grav,n,NOUN,grave
5067,hjemmel,n,NOUN,legal statute
5068,rock,n,NOUN,rock
5069,sprit,n,NOUN,alcohol
5070,analog,n,NOUN,analogue
5071,urealistisk,adj,ADJ,unrealistic
5072,patetisk,adj,ADJ,pathetic
5073,geografi,n,NOUN,geography
5074,navigere,adj,ADJ,navigate
5075,energikilde,n,NOUN,energy source
5076,marokko,n,NOUN,Morocco
5077,hjemmekamp,n,NOUN,home game
5078,partnerskap,n,NOUN,partnership
5079,ørken,n,NOUN,desert
5080,utførelse,n,NOUN,execution
5081,råvare,n,NOUN,raw material
5082,bedret,adj,ADJ,improved
5083,dristig,adj,ADJ,daring
5084,innbyrdes,adj,ADJ,mutual
5085,mal,n,NOUN,template
5086,emisjon,n,NOUN,emission
5087,stevne,n,NOUN,convention
5088,stripe,n,NOUN,stripe
5089,representasjon,n,NOUN,representation
5090,frodig,adj,ADJ,fertile
5091,hjel,n,NOUN,death
5092,læremiddel,n,NOUN,teaching aid
5093,brystkreft,n,NOUN,breast cancer
5094,saltvann,n,NOUN,salt water
5095,forskningsprosjekt,n,NOUN,research project
5096,tam,adj,ADJ,tame
5097,mate,v,VERB,feed
5098,utlevere,v,VERB,deliver
5099,københavn,n,NOUN,Copenhagen
5100,stødig,adj,ADJ,steady
5101,forbrenning,n,NOUN,combustion/metabolism
5102,klargjøre,v,VERB,make ready
5103,knall,n,NOUN,bang
5104,undertrykkelse,n,NOUN,oppression
5105,visepresident,n,NOUN,vice-president
5106,gasskraftverk,n,NOUN,gas power plant
5107,hotellrom,n,NOUN,hotel room
5108,komfort,n,NOUN,comfort
5109,nettbutikk,n,NOUN,net shop
5110,videreutvikling,n,NOUN,continuation
5111,løk,n,NOUN,onion
5112,mislykkes,v,VERB,fail
5113,nyår,n,NOUN,new year
5114,spy,v,VERB,vomit
5115,latin,n,NOUN,Latin
5116,utpeke,v,VERB,point out
5117,brukervennlig,adj,ADJ,user friendly
5118,tålmodig,adj,ADJ,patient
5119,privatliv,n,NOUN,private life
5120,russland,n,NOUN,Russia
5121,mas,n,NOUN,trouble
5122,sysselsetting,n,NOUN,employment
5123,duo,n,NOUN,duo
5124,samfunnsansvar,n,NOUN,social responsibility
5125,sjalusi,n,NOUN,jealousy
5126,avkom,n,NOUN,offspring
5127,eierandel,n,NOUN,owner share
5128,formidabel,adj,ADJ,formidable
5129,kam,n,NOUN,comb
5130,mislike,adj,ADJ,dislike
5131,irritasjon,n,NOUN,irritation
5132,beklagelig,adj,ADJ,unfortunate
5133,husdyr,n,NOUN,livestock
5134,snev,n,NOUN,hint
5135,fyrverkeri,n,NOUN,fireworks
5136,adm.,n,NOUN,adm.
5137,midnatt,n,NOUN,midnight
5138,optikk,n,NOUN,optics
5139,bekjenne,v,VERB,admit
5140,honning,n,NOUN,honey
5141,ypperste,adj,ADJ,utmost
5142,skrik,n,NOUN,scream
5143,bryllup,n,NOUN,wedding
5144,morder,n,NOUN,murderer
5145,aksjeselskap,n,NOUN,limited liability company
5146,resept,n,NOUN,prescription
5147,spedbarn,n,NOUN,infant
5148,bakhode,n,NOUN,back of head
5149,overgå,v,VERB,surpass
5150,assosiasjon,n,NOUN,association
5151,avbryte,v,VERB,disconnect
5152,glans,n,NOUN,shine
5153,ventilasjon,n,NOUN,ventilation
5154,signifikant,adj,ADJ,significant
5155,tidkrevende,adj,ADJ,time-consuming
5156,livredd,adj,ADJ,terrified
5157,svikt,n,NOUN,failure
5158,velstående,adj,ADJ,rich
5159,halvere,v,VERB,half
5160,barnslig,adj,ADJ,childish
5161,kattunge,n,NOUN,kitten
5162,uvitenhet,n,NOUN,ignorance
5163,brems,n,NOUN,brake
5164,monopol,n,NOUN,monopoly
5165,rev,n,NOUN,reef
5166,beskatning,n,NOUN,taxation
5167,skattelov,n,NOUN,tax law
5168,arr,n,NOUN,scar
5169,millimeter,n,NOUN,millimetre
5170,injeksjon,n,NOUN,injection
5171,symbolsk,adj,ADJ,symbolic
5172,akvarium,n,NOUN,aquarium
5173,helsemyndighet,n,NOUN,health authority
5174,samtid,n,NOUN,present time
5175,presisjon,n,NOUN,precision
5176,dumpe,v,VERB,dump
5177,ektefelle,n,NOUN,spouse
5178,utfor,prep,PREP,"off, over"
5179,hjemmekino,n,NOUN,home cinema
5180,livsfarlig,adj,ADJ,life-threatening
5181,nederst,adj,ADJ,lowest
5182,avskaffe,v,VERB,purchase
5183,blinke,v,VERB,"blink ,indicate"
5184,stakkar,n,NOUN,poor thing
5185,åttende,adj,ADJ,eight
5186,disiplin,n,NOUN,discipline
5187,unaturlig,adj,ADJ,unnatural
5188,tast,n,NOUN,key
5189,utkikk,n,NOUN,outlook
5190,aldersgrense,n,NOUN,age limit
5191,fortrinn,n,NOUN,priority
5192,gods,n,NOUN,estate
5193,innkalle,v,VERB,call in
5194,uproblematisk,adj,ADJ,unproblematic
5195,naboland,n,NOUN,neighbouring country
5196,uviss,adj,ADJ,uncertain
5197,vippe,v,VERB,bob
5198,sågar,adv,ADV,
5199,variert,adj,ADJ,varied
5200,nedbør,n,NOUN,precipitation
5201,oppføring,n,NOUN,"erection, production"
5202,overensstemmelse,n,NOUN,in accordance
5203,innbrudd,n,NOUN,break-in
5204,kortvarig,adj,ADJ,short-term
5205,urban,adj,ADJ,urbane
5206,barnehjem,n,NOUN,children's home
5207,politimann,n,NOUN,policeman
5208,innlevering,n,NOUN,delivery
5209,bystyre,n,NOUN,city council
5210,utslitt,adj,ADJ,worn out
5211,bedrive,v,VERB,do
5212,åpningstid,n,NOUN,opening hours
5213,tredjeplass,n,NOUN,third place
5214,lunge,n,NOUN,lung
5215,utsolgt,adj,ADJ,sold out
5216,arbeidsmappe,n,NOUN,working folder
5217,reprise,n,NOUN,repeat
5218,hatt,n,NOUN,hat
5219,kraftverk,n,NOUN,power plant
5220,nazisme,n,NOUN,Nazism
5221,godbit,n,NOUN,goodie
5222,sverd,n,NOUN,sword
5223,poker,n,NOUN,poker
5224,sveve,v,VERB,swear
5225,varetekt,n,NOUN,custody
5226,blek,adj,ADJ,bleak
5227,horisont,n,NOUN,horizon
5228,kappe,n,NOUN,cape
5229,misjon,n,NOUN,mission
5230,skatteliste,n,NOUN,tax list
5231,sponsor,n,NOUN,sponsor
5232,avhandling,n,NOUN,"report, thesis"
5233,heia,interj,INTERJ,cheer
5234,internasjonalisering,n,NOUN,internationalisation
5235,eksplosjon,n,NOUN,explosion
5236,kineser,n,NOUN,Chinese
5237,logo,n,NOUN,logo
5238,politidistrikt,n,NOUN,police district
5239,vike,v,VERB,yield
5240,avbilde,v,VERB,picture
5241,mobbe,v,VERB,bully
5242,utbetaling,n,NOUN,payment
5243,selvangivelse,n,NOUN,tax return
5244,besteforeldre,n,NOUN,grandparents
5245,essens,n,NOUN,essence
5246,lovgivning,n,NOUN,legislation
5247,nordlys,n,NOUN,northern light
5248,etterfølger,n,NOUN,successor
5249,læreplan,n,NOUN,teaching plan
5250,irrelevant,adj,ADJ,irrelevant
5251,stokk,n,NOUN,cane
5252,høflig,adj,ADJ,polite
5253,innovativ,adj,ADJ,innovative
5254,kvalitetssikring,n,NOUN,quality assurance
5255,nazist,n,NOUN,Nazi
5256,hovedmål,n,NOUN,main goal
5257,lime,v,VERB,glue
5258,galakse,n,NOUN,galaxy
5259,insekt,n,NOUN,insect
5260,panel,n,NOUN,panel
5261,resolusjon,n,NOUN,resolution
5262,ambisiøs,adj,ADJ,ambitious
5263,gøteborg,n,NOUN,Gothenburg
5264,rate,n,NOUN,rate
5265,avhør,n,NOUN,questioning
5266,børsnotere,v,VERB,list on the stock exchange
5267,holocaust,n,NOUN,holocaust
5268,konsensus,n,NOUN,consensus
5269,utestenge,v,VERB,lock out
5270,dekar,n,NOUN,decare
5271,kontekst,n,NOUN,context
5272,benekte,v,VERB,deny
5273,vindkraft,n,NOUN,wind power
5274,verdensøkonomi,n,NOUN,world economy
5275,betinge,v,VERB,reserve
5276,byggverk,n,NOUN,building
5277,smertestillende,adj,ADJ,painkilling
5278,våres,v,VERB,become spring
5279,territorium,n,NOUN,territory
5280,turisme,n,NOUN,tourism
5281,biodrivstoff,n,NOUN,bio-fuel
5282,eksem,n,NOUN,eczema
5283,bemerke,v,VERB,note
5284,samvær,n,NOUN,being together
5285,utarbeidelse,n,NOUN,production
5286,opsjon,n,NOUN,option
5287,uvant,adj,ADJ,unusual
5288,velvære,n,NOUN,well-being
5289,folkemusikk,n,NOUN,folk music
5290,slagord,n,NOUN,slogan
5291,inntjening,n,NOUN,earnings
5292,undres,v,VERB,wonder
5293,bryne,v,VERB,sharpen
5294,oppgitt,adj,ADJ,resigned
5295,assistanse,n,NOUN,assistance
5296,sykepleie,n,NOUN,nursing
5297,avreise,n,NOUN,departure
5298,rørende,adj,ADJ,touching
5299,strikke,v,VERB,knit
5300,feministisk,adj,ADJ,feministic
5301,kiosk,n,NOUN,kiosk
5302,krigføring,n,NOUN,waging of war
5303,luksus,n,NOUN,luxury
5304,vekter,n,NOUN,weights
5305,ensomhet,n,NOUN,loneliness
5306,forundre,v,VERB,wonder
5307,svett,adj,ADJ,sweaty
5308,puls,n,NOUN,pulse
5309,tårn,n,NOUN,tower
5310,gjennomsiktig,adj,ADJ,see-through
5311,line,n,NOUN,line
5312,regelrett,adj,ADJ,regular
5313,autoritær,adj,ADJ,authoritarian
5314,jordmor,n,NOUN,midwife
5315,stride,v,VERB,stride
5316,gitarist,n,NOUN,guitarist
5317,kirkelig,adj,ADJ,churchly
5318,print,adj,ADJ,print
5319,storebror,n,NOUN,big brother
5320,søken,n,NOUN,
5321,deprimere,v,VERB,depress
5322,erklæring,n,NOUN,declaration
5323,kompetansesenter,n,NOUN,competency centre
5324,nedi,prep,PREP,in
5325,oppbevaring,n,NOUN,storage
5326,rand,n,NOUN,edge
5327,gjøremål,n,NOUN,job
5328,ansettelse,n,NOUN,employment
5329,islamist,n,NOUN,Islamist
5330,kupp,n,NOUN,coup
5331,lærerik,adj,ADJ,educative
5332,ubetydelig,adj,ADJ,insignificant
5333,vedlikeholde,v,VERB,maintain
5334,aggresjon,n,NOUN,aggression
5335,forakt,n,NOUN,contempt
5336,hovedfag,n,NOUN,main subject
5337,nedrykk,n,NOUN,relegation
5338,filter,n,NOUN,filter
5339,tommel,n,NOUN,thumb
5340,id,n,NOUN,ID
5341,trøste,v,VERB,comfort
5342,bompenger,n,NOUN,toll
5343,forretning,n,NOUN,business
5344,fortrolig,adj,ADJ,confidential
5345,galopp,n,NOUN,canter
5346,svindel,n,NOUN,fraud
5347,oppsummere,v,VERB,sum up
5348,entusiastisk,adj,ADJ,enthusiastic
5349,avspark,n,NOUN,kick-off
5350,ekspertise,n,NOUN,expertise
5351,kveldstid,n,NOUN,evening time
5352,nysgjerrighet,n,NOUN,curiousity
5353,maskulin,adj,ADJ,masculine
5354,finnes,v,VERB,be
5355,samarbeidsprosjekt,n,NOUN,cooperation project
5356,besitte,v,VERB,own
5357,jorde,n,NOUN,land
5358,vandring,n,NOUN,trekking
5359,flåte,n,NOUN,fleet
5360,tilgivelse,n,NOUN,forgiveness
5361,tøy,n,NOUN,cloth
5362,el.,conj,CONJ,or
5363,fluefiske,n,NOUN,fly-fishing
5364,misvisende,adj,ADJ,misleading
5365,verdensmester,n,NOUN,word champion
5366,klarhet,n,NOUN,clarity
5367,skolestart,n,NOUN,school start
5368,feie,v,VERB,sweep
5369,lettvinn,adj,ADJ,
5370,nøktern,adj,ADJ,sober
5371,reparasjon,n,NOUN,repair
5372,nøkkelord,n,NOUN,key word
5373,snappe,v,VERB,snap
5374,anno,adv,ADV,"anno, in the year"
5375,datterselskap,n,NOUN,subsidiary
5376,illegal,adj,ADJ,illegal
5377,strekk,n,NOUN,stretch
5378,tiltrekke,n,NOUN,attack
5379,jordbær,n,NOUN,strawberry
5380,kantine,n,NOUN,canteen
5381,studieplass,n,NOUN,study place
5382,aksjekurs,n,NOUN,share price
5383,sending,n,NOUN,dispatch
5384,snarlig,adj,ADJ,soon
5385,sortert,adj,ADJ,sorting
5386,bukt,n,NOUN,bay
5387,novelle,n,NOUN,short story
5388,sørover,prep,PREP,south
5389,merking,n,NOUN,labelling
5390,terskel,n,NOUN,threshold
5391,holt,n,NOUN,grove
5392,sprø,adj,ADJ,fragile
5393,oppløse,v,VERB,dissolve
5394,eske,n,NOUN,box
5395,overlege,n,NOUN,consultant
5396,besittelse,n,NOUN,possession
5397,reservere,v,VERB,reserve
5398,borgerskap,n,NOUN,citizenship
5399,holme,n,NOUN,islet
5400,utprøving,n,NOUN,testing
5401,insistere,v,VERB,insist
5402,forgjeves,adj,ADJ,in vain
5403,trosse,v,VERB,defy
5404,utenriks,n,NOUN,abroad
5405,doping,n,NOUN,doping
5406,fjær,n,NOUN,feather
5407,stønne,v,VERB,moan
5408,unnagjort,adj,ADJ,undecided
5409,brikke,n,NOUN,piece
5410,beredskap,n,NOUN,preparedness
5411,svømmebasseng,n,NOUN,swimming pool
5412,signalisere,v,VERB,signal
5413,organisatorisk,adj,ADJ,organisational
5414,dynamikk,n,NOUN,dynamic
5415,dus,adj,ADJ,familiar
5416,politifolk,n,NOUN,police
5417,innblanding,n,NOUN,interference
5418,pistol,n,NOUN,pistol
5419,undervisningsopplegg,n,NOUN,educational proposal
5420,hygiene,n,NOUN,hygiene
5421,naked,n,NOUN,naked
5422,blender,n,NOUN,blender
5423,hestekraft,n,NOUN,horsepower
5424,narr,n,NOUN,fool
5425,kick,n,NOUN,kick
5426,fasilitet,n,NOUN,facility
5427,kjæledyr,n,NOUN,pet
5428,ve,n,NOUN,labour pain
5429,matematisk,adj,ADJ,mathematical
5430,panne,n,NOUN,forehead
5431,forhåpning,n,NOUN,hope
5432,oppsigelse,n,NOUN,resignation
5433,tabu,n,NOUN,taboo
5434,pr.,prep,PREP,per
5435,fordømme,v,VERB,condemn
5436,skriver,n,NOUN,printer
5437,løsne,v,VERB,loosen
5438,lærd,adj,ADJ,learned
5439,huff,interj,INTERJ,ugh!
5440,kommentator,n,NOUN,commentator
5441,militant,adj,ADJ,militant
5442,nettsamfunn,n,NOUN,social network service
5443,granske,v,VERB,investigate
5444,dataspill,n,NOUN,computer game
5445,styrketrening,n,NOUN,"weight training, body building"
5446,kontaktperson,n,NOUN,contact person
5447,lekke,v,VERB,leak
5448,menneskeliv,n,NOUN,human life
5449,enkeltmenneske,n,NOUN,individual
5450,mosjon,n,NOUN,exercise
5451,forutsigbarhet,n,NOUN,predictability
5452,innredning,n,NOUN,furnishings
5453,veksle,v,VERB,exchange
5454,inneha,v,VERB,hold
5455,dekan,n,NOUN,dean
5456,telling,n,NOUN,count
5457,undergang,n,NOUN,"subway, downfall"
5458,fildeling,n,NOUN,file sharing
5459,helsevern,n,NOUN,healthcare
5460,avlegge,v,VERB,"make, pay"
5461,morsmelk,n,NOUN,breast milk
5462,åpenbar,adj,ADJ,obvious
5463,enhetlig,adj,ADJ,unitary
5464,streve,v,VERB,struggle
5465,hustru,n,NOUN,wife
5466,scenario,n,NOUN,scenario
5467,brasiliansk,adj,ADJ,Brazilian
5468,overkropp,n,NOUN,upper body
5469,skildring,n,NOUN,"picture, description"
5470,anstendig,adj,ADJ,decent
5471,grunnkurs,n,NOUN,elementary course
5472,lysstyrke,n,NOUN,brightness
5473,romersk,adj,ADJ,Roman
5474,førti,det,DET,forty
5475,industriell,adj,ADJ,industrial
5476,returnere,v,VERB,return
5477,stab,n,NOUN,staff
5478,å,interj,INTERJ,oh
5479,ubalanse,n,NOUN,imbalance
5480,aktor,n,NOUN,actor
5481,poengtere,v,VERB,"emphasis, stress"
5482,pynt,n,NOUN,decoration
5483,onde,n,NOUN,evil
5484,prestisje,n,NOUN,prestige
5485,lysende,adj,ADJ,luminous
5486,veterinær,n,NOUN,veterinary
5487,bag,n,NOUN,"bag, purse"
5488,deling,n,NOUN,division
5489,lærling,n,NOUN,apprentice
5490,toppsjef,n,NOUN,chief executive
5491,misfornøyd,adj,ADJ,displeased
5492,spenn,n,NOUN,"strain, tension"
5493,omvisning,n,NOUN,guided tour
5494,pakistaner,n,NOUN,Pakistani
5495,slitasje,n,NOUN,wear
5496,fagmiljø,n,NOUN,specialist environment
5497,nyttårsaften,n,NOUN,New Years Eve
5498,treningskamp,n,NOUN,training match
5499,matte,n,NOUN,mat
5500,verve,v,VERB,recruit
5501,hekte,v,VERB,hook
5502,kvikksølv,n,NOUN,mercury
5503,saga,n,NOUN,saga
5504,oppkalle,v,VERB,call up
5505,vinkling,n,NOUN,angling
5506,høringsuttalelse,n,NOUN,statement
5507,ne,n,NOUN,while
5508,progresjon,n,NOUN,progression
5509,utveksle,v,VERB,exchange
5510,langrenn,n,NOUN,cross-country skiing
5511,skattemessig,adj,ADJ,fiscal
5512,bakre,adj,ADJ,rear
5513,tispe,v,VERB,bitch
5514,fjorten,det,DET,fourteen
5515,sjenere,v,VERB,"annoy, interfere with"
5516,sjømat,n,NOUN,seafood
5517,skjønnlitteratur,n,NOUN,fiction
5518,tretti,det,DET,thirty
5519,anføre,v,VERB,"lead, quote"
5520,veske,n,NOUN,bag
5521,singel,n,NOUN,shingle
5522,beordre,v,VERB,order
5523,versus,prep,PREP,versus
5524,sortere,v,VERB,sort
5525,oppfyllelse,n,NOUN,fulfilment
5526,dem,pron,PRON,them
5527,implementering,n,NOUN,implementation
5528,kursmål,n,NOUN,target price
5529,intensitet,n,NOUN,intensity
5530,kakao,n,NOUN,cocoa
5531,utøvende,adj,ADJ,"executive, creative"
5532,slit,n,NOUN,"toil, drudgery"
5533,motgang,n,NOUN,adversity
5534,fotspor,n,NOUN,footprint
5535,appelsin,n,NOUN,orange
5536,olivenolje,n,NOUN,olive oil
5537,utelukket,adj,ADJ,impossible
5538,dass,n,NOUN,loo
5539,gruppearbeid,n,NOUN,group project
5540,spytte,v,VERB,"spit, splutter"
5541,beslag,n,NOUN,"fittings, confiscation"
5542,spesialisere,v,VERB,specialise
5543,utbryte,v,VERB,break out
5544,eksperiment,n,NOUN,experiment
5545,strandsone,n,NOUN,littoral zone
5546,utpreget,adj,ADJ,"marked, pronounced"
5547,variabel,adj,ADJ,variable
5548,autofokus,n,NOUN,auto focus
5549,taushet,n,NOUN,silence
5550,velfungerende,adj,ADJ,"efficient, well-functioning"
5551,egenart,n,NOUN,"character, individuality"
5552,sluke,v,VERB,"swallow, devour"
5553,drøfting,n,NOUN,"discussion, debate"
5554,produktiv,adj,ADJ,productive
5555,syklist,n,NOUN,cyclist
5556,adskillig,adj,ADJ,several
5557,skyfri,adj,ADJ,cloudless
5558,ytring,n,NOUN,statement
5559,mentor,n,NOUN,mentor
5560,næringsstoff,n,NOUN,nutrient
5561,skjerf,n,NOUN,scarf
5562,ledighet,n,NOUN,"unemployment, agility"
5563,forskudd,n,NOUN,advance
5564,talerstol,n,NOUN,"rostrum, lectern"
5565,kikk,n,NOUN,"look, peek"
5566,omdømme,n,NOUN,reputation
5567,skitt,n,NOUN,"dirt, rubbish"
5568,trav,n,NOUN,trotting
5569,vantro,adj,ADJ,unbelieving
5570,følelsesmessig,adj,ADJ,emotional
5571,illustrasjonsfoto,n,NOUN,illustration photo
5572,forsoning,n,NOUN,reconciliation
5573,anstrengelse,n,NOUN,effort
5574,tenåring,n,NOUN,teenager
5575,opprørt,adj,ADJ,"upset, agitated"
5576,pote,v,VERB,paw
5577,avslå,v,VERB,"reject, refuse"
5578,safe,n,NOUN,be safe
5579,animasjon,n,NOUN,animation
5580,gebyr,n,NOUN,fee
5581,hemme,v,VERB,hinder
5582,stresse,v,VERB,stress
5583,heltid,n,NOUN,full-time
5584,katte,n,NOUN,cat
5585,juice,n,NOUN,juice
5586,musikkbransje,n,NOUN,music industry
5587,assosiere,v,VERB,associate
5588,juletre,n,NOUN,Christmas tree
5589,uff,interj,INTERJ,ugh!
5590,merkbar,adj,ADJ,noticeable
5591,avspilling,n,NOUN,playback
5592,interaktiv,adj,ADJ,interactive
5593,serbisk,adj,ADJ,Serbian
5594,belønne,v,VERB,reward
5595,brite,n,NOUN,Briton
5596,arbeidsmåte,n,NOUN,working method
5597,popularitet,adj,ADJ,
5598,krutt,n,NOUN,"powder, gunpowder"
5599,garn,n,NOUN,"yarn, thread"
5600,drikkevann,n,NOUN,drinking water
5601,engel,n,NOUN,angel
5602,nynorsk,n,NOUN,New Norwegian
5603,aldre,v,VERB,age
5604,bevaring,n,NOUN,"preservation, conservation"
5605,olympisk,adj,ADJ,Olympic
5606,innsamling,n,NOUN,collection
5607,iskald,adj,ADJ,ice-cold
5608,kynisk,adj,ADJ,cynical
5609,bearbeide,v,VERB,"process, adapt"
5610,østlig,adj,ADJ,eastern
5611,sjefredaktør,n,NOUN,"chief editor, editor-in-chief"
5612,kosttilskudd,n,NOUN,dietary supplement
5613,studiested,n,NOUN,study location
5614,størrelsesorden,n,NOUN,order of magnitude
5615,ydmyk,adj,ADJ,humble
5616,reg.,n,NOUN,
5617,veiledende,adj,ADJ,guiding
5618,blits,n,NOUN,flashlight
5619,utstede,v,VERB,issue
5620,hjelpeløs,adj,ADJ,helpless
5621,jungel,n,NOUN,jungle
5622,kåring,n,NOUN,"election, selection"
5623,pekepinn,n,NOUN,pointer
5624,etterspurt,adj,ADJ,demanded
5625,juks,n,NOUN,"trickery, rubbish"
5626,seil,n,NOUN,sail
5627,sivilbefolkning,n,NOUN,civilian population
5628,tegneserie,n,NOUN,comic strip
5629,eu-land,n,NOUN,EU member state
5630,gjenopprette,v,VERB,restore
5631,ubevisst,adj,ADJ,unconscious
5632,niende,adj,ADJ,ninth
5633,overflødig,adj,ADJ,superfluous
5634,bilist,n,NOUN,motorist
5635,golf,n,NOUN,golf
5636,testamente,n,NOUN,"will, testament"
5637,gjenvelge,v,VERB,re-elect
5638,kulisse,n,NOUN,offstage
5639,musikkvideo,n,NOUN,music video
5640,auksjon,n,NOUN,auction
5641,rop,n,NOUN,shout
5642,forskningsmiljø,n,NOUN,research environment
5643,betennelse,n,NOUN,infection
5644,tempel,n,NOUN,temple
5645,karakteristisk,adj,ADJ,characteristic
5646,taushetsplikt,n,NOUN,duty of confidentiality
5647,konkurransedyktig,adj,ADJ,competitive
5648,spann,n,NOUN,bucket
5649,litauen,n,NOUN,Lithuania
5650,termin,n,NOUN,"term, instalment"
5651,sensurere,v,VERB,"censor, grade"
5652,utspiller,n,NOUN,leader
5653,overlevelse,n,NOUN,survival
5654,diabetiker,n,NOUN,diabetic
5655,matche,n,NOUN,match
5656,faktura,n,NOUN,invoice
5657,folkeslag,n,NOUN,people
5658,gruppering,n,NOUN,grouping
5659,loft,n,NOUN,ceiling
5660,nettmøte,n,NOUN,online meeting
5661,mesterlig,adj,ADJ,masterly
5662,utholdenhet,n,NOUN,stamina
5663,tilkobling,n,NOUN,"attachment, coupling"
5664,førerkort,n,NOUN,driving licence
5665,menneskeskapt,adj,ADJ,man-made
5666,ukritisk,adj,ADJ,uncritical
5667,feminin,adj,ADJ,feminine
5668,innmari,adj,ADJ,one heck of a
5669,borgerkrig,n,NOUN,civil war
5670,samhold,n,NOUN,solidarity
5671,dannelse,n,NOUN,"formation, education, refinement"
5672,drivhuseffekt,n,NOUN,global warning
5673,landslagstrener,n,NOUN,national team coach
5674,statisk,adj,ADJ,static
5675,ateist,n,NOUN,atheist
5676,england,n,NOUN,England
5677,implementere,v,VERB,implement
5678,spesialundervisning,n,NOUN,special education
5679,stusse,v,VERB,"trim, be startled"
5680,forsterkning,n,NOUN,reinforcement
5681,inntreffe,v,VERB,happen
5682,overlevere,v,VERB,deliver
5683,konvensjon,n,NOUN,convention
5684,håndverker,n,NOUN,craftsman
5685,etnisitet,n,NOUN,ethnicity
5686,vaffel,n,NOUN,waffle
5687,energiminister,n,NOUN,Minister for Energy
5688,pine,n,NOUN,"torture, torment"
5689,sovjet,v,VERB,
5690,fornøyelse,n,NOUN,pleasure
5691,informatikk,n,NOUN,"informatics, computer science"
5692,mesterverk,n,NOUN,masterpiece
5693,forskningsresultat,n,NOUN,research result
5694,statsborgerskap,n,NOUN,citizenship
5695,såpe,n,NOUN,soap
5696,urovekkende,adj,ADJ,disturbing
5697,derpå,adv,ADV,"then, after that"
5698,logistikk,n,NOUN,logistics
5699,totalitær,adj,ADJ,totalitarian
5700,væske,adj,ADJ,liquid
5701,haha,interj,INTERJ,haha
5702,visum,n,NOUN,visa
5703,landsmann,n,NOUN,compatriot
5704,oljeselskap,n,NOUN,oil company
5705,distribuere,v,VERB,distribute
5706,hann,n,NOUN,male
5707,sensitiv,adj,ADJ,sensitive
5708,omgås,v,VERB,"associate, interact"
5709,riksrevisjon,n,NOUN,auditor general
5710,bemanning,n,NOUN,"crew, staff"
5711,frikjenne,v,VERB,acquit
5712,høgskolelektor,n,NOUN,assistant professor
5713,utall,n,NOUN,multitude
5714,husleie,n,NOUN,rent
5715,tufte,v,VERB,ground
5716,forskjellsbehandling,n,NOUN,discrimination
5717,suppe,n,NOUN,soup
5718,hvorledes,adv,ADV,how
5719,gjenvalg,n,NOUN,re-election
5720,utkant,n,NOUN,outskirts
5721,naturressurs,n,NOUN,natural resource
5722,proff,adj,ADJ,pro
5723,sponse,v,VERB,
5724,sverige,v,VERB,Sweden
5725,entreprenør,n,NOUN,entrepreneur
5726,møteplass,n,NOUN,meeting place
5727,fartøy,n,NOUN,vessel
5728,dosering,n,NOUN,dosage
5729,landsbasis,n,NOUN,countrywide
5730,lesesal,n,NOUN,reading room
5731,journal,n,NOUN,journal
5732,motpart,n,NOUN,opponent
5733,hovedkvarter,n,NOUN,headquarters
5734,mais,n,NOUN,maize
5735,terrasse,n,NOUN,terrace
5736,friidrett,n,NOUN,athletics
5737,selvbilde,n,NOUN,self-image
5738,forran,n,NOUN,on front
5739,vag,adj,ADJ,vague
5740,vannkraft,n,NOUN,water power
5741,mette,v,VERB,feed
5742,gjerningsmann,n,NOUN,perpetrator
5743,gedigen,adj,ADJ,enormous
5744,skoledag,n,NOUN,school day
5745,ridning,n,NOUN,riding
5746,underholde,v,VERB,entertain
5747,fangenskap,n,NOUN,captivity
5748,videokamera,n,NOUN,video camera
5749,lettelse,n,NOUN,relief
5750,forholdsregel,n,NOUN,precaution
5751,fosterhjem,n,NOUN,foster home
5752,miljøvernminister,n,NOUN,Minister for the Environment
5753,læringsmål,n,NOUN,learning objective
5754,tilføye,v,VERB,add
5755,australsk,n,NOUN,Australian
5756,ferdigstille,v,VERB,complete
5757,overdose,n,NOUN,overdose
5758,fastland,n,NOUN,mainland
5759,forkaste,v,VERB,reject
5760,samsvare,v,VERB,accord with
5761,triller,v,VERB,roll
5762,tilbakegang,n,NOUN,decline
5763,utenforstående,adj,ADJ,outside
5764,kapre,v,VERB,"grab, capture"
5765,penis,n,NOUN,penis
5766,påkjørt,adj,ADJ,run-down
5767,gulrot,n,NOUN,carrot
5768,vektlegge,v,VERB,
5769,kirurgi,n,NOUN,surgery
5770,særpreg,n,NOUN,characteristic
5771,dialekt,n,NOUN,dialect
5772,fuglehund,n,NOUN,gun dog
5773,vokte,v,VERB,guard
5774,drink,n,NOUN,drink
5775,husholdning,n,NOUN,housekeeping
5776,meningsfylt,adj,ADJ,meaningful
5777,maksimum,n,NOUN,maximum
5778,slem,adj,ADJ,bad
5779,pult,n,NOUN,desk
5780,nitrogen,n,NOUN,nitrogen
5781,refusjon,n,NOUN,reimbursement
5782,landsdekkende,adj,ADJ,nationwide
5783,akk,interj,INTERJ,oh
5784,forleden,adj,ADJ,the other day
5785,motorsykkel,n,NOUN,motorcycle
5786,forrykende,adj,ADJ,tremendous
5787,mannfolk,n,NOUN,real man
5788,medmenneske,n,NOUN,fellow human
5789,særklasse,n,NOUN,special class
5790,forlik,n,NOUN,compromise
5791,oppunder,prep,PREP,up under
5792,pirat,v,VERB,pirate
5793,forbigående,adj,ADJ,temporary
5794,skikk,n,NOUN,custom
5795,utelate,v,VERB,omit
5796,støttespiller,v,VERB,
5797,festlig,adj,ADJ,festive
5798,avstå,v,VERB,"relinquish, renounce"
5799,blotte,v,VERB,reveal
5800,seniorrådgiver,n,NOUN,senior adviser
5801,yngel,n,NOUN,brood
5802,pinne,n,NOUN,stick
5803,klimapolitikk,n,NOUN,climate policy
5804,utvei,n,NOUN,way out
5805,familieliv,n,NOUN,family life
5806,flyt,n,NOUN,flow
5807,reglement,n,NOUN,regulation
5808,bøtte,n,NOUN,bucket
5809,produktivitet,n,NOUN,productivity
5810,sivilisasjon,n,NOUN,civilisation
5811,hvitløk,n,NOUN,garlic
5812,innskudd,n,NOUN,deposit
5813,rådgivende,adj,ADJ,advisory
5814,ponni,n,NOUN,pony
5815,skoleelev,n,NOUN,pupil
5816,velferdsstat,n,NOUN,welfare state
5817,gardin,n,NOUN,curtain
5818,kildekode,n,NOUN,source code
5819,kvalifisering,n,NOUN,qualification
5820,pådra,v,VERB,incur
5821,bitte,adv,ADV,tiny
5822,knekk,n,NOUN,crack
5823,påfyll,n,NOUN,fill-up
5824,seriekamp,n,NOUN,league match
5825,entusiasme,n,NOUN,enthusiasm
5826,overstå,v,VERB,finish
5827,fjernkontroll,n,NOUN,remote control
5828,varamedlem,n,NOUN,deputy board member
5829,bokmerke,n,NOUN,bookmark
5830,især,adv,ADV,especially
5831,unektelig,adj,ADJ,undeniable
5832,administrering,n,NOUN,administration
5833,sprenge,v,VERB,break
5834,løft,n,NOUN,lift
5835,avd.,n,NOUN,dept.
5836,undervurdere,v,VERB,underestimate
5837,oljepenger,n,NOUN,oil money
5838,særs,adj,ADJ,special
5839,øk,n,NOUN,nag
5840,arbeidsledig,adj,ADJ,unemployed
5841,korps,n,NOUN,corps
5842,bemerkning,n,NOUN,remark
5843,gavekort,n,NOUN,gift voucher
5844,nødvendighet,n,NOUN,necessity
5845,tidsalder,n,NOUN,epoch
5846,hake,n,NOUN,chin
5847,skagen,n,NOUN,Skagen
5848,bakerst,adj,ADJ,hindmost
5849,slave,n,NOUN,slave
5850,spiseforstyrrelse,n,NOUN,eating disorder
5851,overdreven,adj,ADJ,exaggerated
5852,dobling,n,NOUN,doubling
5853,entreprenørskap,n,NOUN,entrepreneurship
5854,boble,n,NOUN,bubble
5855,dagslys,n,NOUN,daylight
5856,fremskritt,n,NOUN,progress
5857,pulje,n,NOUN,"group, pool"
5858,kulturarv,n,NOUN,cultural heritage
5859,muliggjøre,v,VERB,make possible
5860,tv-serie,n,NOUN,TV-series
5861,fiasko,n,NOUN,fiasco
5862,kondom,n,NOUN,condom
5863,sug,n,NOUN,suck
5864,korreksjon,n,NOUN,correction
5865,kunstgress,n,NOUN,artificial grass
5866,troll,n,NOUN,troll
5867,gjær,v,VERB,yeast
5868,idol,n,NOUN,idol
5869,fjes,adj,ADJ,
5870,samarbeidsavtale,n,NOUN,cooperation agreement
5871,fremføre,v,VERB,present
5872,giv,n,NOUN,"deal, initiative"
5873,mistenkelig,adj,ADJ,suspicious
5874,flis,n,NOUN,splinter
5875,løve,n,NOUN,lion
5876,ambassadør,n,NOUN,ambassador
5877,eksponere,v,VERB,expose
5878,avdelingsdirektør,n,NOUN,head of department
5879,tapper,adj,ADJ,brave
5880,opphøre,v,VERB,cease
5881,realisme,n,NOUN,realism
5882,ert,n,NOUN,pea
5883,blødning,n,NOUN,bleeding
5884,styringsrente,n,NOUN,
5885,brosjyre,n,NOUN,brochure
5886,landsdel,n,NOUN,region
5887,tradisjonsrik,adj,ADJ,rich in tradition
5888,reklamere,v,VERB,advertise
5889,tilførsel,n,NOUN,supply
5890,eksperimentere,v,VERB,experiment
5891,skapning,n,NOUN,creature
5892,brennevin,n,NOUN,spirits
5893,note,n,NOUN,note
5894,opptatt,adj,ADJ,engaged
5895,driftsresultat,n,NOUN,operating profit
5896,union,n,NOUN,union
5897,skattyter,n,NOUN,taxpayer
5898,funksjonsevne,n,NOUN,functional ability
5899,hormon,n,NOUN,hormone
5900,avløp,n,NOUN,drain
5901,enke,n,NOUN,widow
5902,ringvirkning,n,NOUN,spreading effect
5903,krasje,v,VERB,crash
5904,uunngåelig,adj,ADJ,unavoidable
5905,etterforsker,n,NOUN,investigator
5906,ikon,n,NOUN,icon
5907,deig,n,NOUN,dough
5908,bortelag,n,NOUN,away-team
5909,underside,n,NOUN,underside
5910,skuespillet,n,NOUN,play
5911,hissig,adj,ADJ,short-tempered
5912,konsern,n,NOUN,group
5913,samband,n,NOUN,connection
5914,klapp,n,NOUN,valve
5915,fornekte,v,VERB,deny
5916,erotisk,adj,ADJ,erotic
5917,ukeblad,n,NOUN,weekly magazine
5918,munter,adj,ADJ,cheerful
5919,redegjøre,v,VERB,explain
5920,skilt,n,NOUN,sign
5921,forverre,v,VERB,worsen
5922,forprosjekt,n,NOUN,pilot project
5923,pålitelig,adj,ADJ,trustworthy
5924,vitamin,n,NOUN,vitamin
5925,sjette,adj,ADJ,sixth
5926,strupe,n,NOUN,throat
5927,p-pille,n,NOUN,contraceptive pill
5928,belaste,v,VERB,strain
5929,drivende,adj,ADJ,drifting
5930,føye,v,VERB,"add, join"
5931,myrde,v,VERB,murder
5932,sladder,n,NOUN,gossip
5933,term,n,NOUN,term
5934,helsefag,n,NOUN,health education subject
5935,konvolutt,n,NOUN,envelope
5936,seremoni,n,NOUN,ceremony
5937,koffert,n,NOUN,suitcase
5938,byråkrat,n,NOUN,bureaucrat
5939,iver,n,NOUN,eagerness
5940,mottak,n,NOUN,reception
5941,ose,v,VERB,reek
5942,folkebibliotek,n,NOUN,public library
5943,legitim,adj,ADJ,legitimate
5944,lokalisering,n,NOUN,localisation
5945,valuta,n,NOUN,currency
5946,demonstrant,n,NOUN,demonstrator
5947,spillerom,n,NOUN,"margin, latitude"
5948,gruppeleder,n,NOUN,group leader
5949,eldreomsorg,n,NOUN,geriatric care
5950,vederlag,n,NOUN,compensation
5951,årsregnskap,n,NOUN,annual account
5952,urett,n,NOUN,injustice
5953,bitterhet,n,NOUN,bitterness
5954,rullestol,n,NOUN,wheelchair
5955,naturvitenskap,n,NOUN,natural science
5956,dirigent,n,NOUN,conductor
5957,trendy,adj,ADJ,trendy
5958,ombygging,n,NOUN,conversion
5959,bildestabilisator,n,NOUN,image stabiliser
5960,arbeidssak,n,NOUN,employment case
5961,bildelenke,n,NOUN,
5962,boliglån,n,NOUN,mortgage
5963,cover,n,NOUN,cover
5964,tretten,det,DET,thirteen
5965,seksten,det,DET,sixteen
5966,sytten,det,DET,seventeen
5967,nitten,det,DET,nineteen
5968,seksti,det,DET,sixty
5969,sytti,det,DET,seventy
5970,åtti,det,DET,eighty
5971,nitti,det,DET,ninety
5972,storesøster,n,NOUN,older sister
5973,lillesøster,n,NOUN,younger sister
5974,lillebror,n,NOUN,younger brother
5975,kusine,n,NOUN,cousin
5976,fetter,n,NOUN,cousin
5977,søskenbarn,n,NOUN,niece/nephew
5978,mormor,n,NOUN,grandmother
5979,morfar,n,NOUN,grandfather
5980,farmor,n,NOUN,grandmother
5981,farfar,n,NOUN,grandfather
5982,oldemor,n,NOUN,great-grandmother
5983,oldefar,n,NOUN,great-grandfather
5984,tippoldemor,n,NOUN,great-great-grandmother
5985,tippoldefar,n,NOUN,great-great-grandfather
5986,grandtante,n,NOUN,great-aunt
5987,grandonkel,n,NOUN,great-uncle
5988,svigermor,n,NOUN,mother-in-law
5989,svigerfar,n,NOUN,father-in-law
5990,svigersønn,n,NOUN,son-in-law
5991,svigerinne,n,NOUN,sister-in-law
5992,svoger,n,NOUN,brother-in-law
5993,niese,n,NOUN,niece
5994,nevø,n,NOUN,nephew
5995,oldebarn,n,NOUN,great-grandchild
5996,tippoldebarn,n,NOUN,great-great-grandchild
5997,nordøst,n,NOUN,Northeast
5998,nordvest,n,NOUN,Northwest
5999,sørøst,n,NOUN,Southeast
6000,sørvest,n,NOUN,Southwest
